frame_num,frame_path,left_elbow_angle,right_elbow_angle,left_knee_angle,right_knee_angle,shoulder_rotation,hip_rotation,trunk_separation,left_wrist_height,right_wrist_height
1,frame_0001.jpg,,,,,,,,,
2,frame_0002.jpg,,,,,,,,,
3,frame_0003.jpg,,,,,,,,,
4,frame_0004.jpg,,,,,,,,,
5,frame_0005.jpg,,,,,,,,,
6,frame_0006.jpg,,,,,,,,,
7,frame_0007.jpg,,,,,,,,,
8,frame_0008.jpg,,,,,,,,,
9,frame_0009.jpg,,,,,,,,,
10,frame_0010.jpg,,,,,,,,,
11,frame_0011.jpg,,,,,,,,,
12,frame_0012.jpg,,,,,,,,,
13,frame_0013.jpg,,,,,,,,,
14,frame_0014.jpg,,,,,,,,,
15,frame_0015.jpg,,,,,,,,,
16,frame_0016.jpg,,,,,,,,,
17,frame_0017.jpg,,,,,,,,,
18,frame_0018.jpg,,,,,,,,,
19,frame_0019.jpg,,,,,,,,,
20,frame_0020.jpg,,,,,,,,,
21,frame_0021.jpg,,,,,,,,,
22,frame_0022.jpg,,,,,,,,,
23,frame_0023.jpg,,,,,,0.3,,,
24,frame_0024.jpg,,126.9,,,,2.3,,,0.3
25,frame_0025.jpg,,142.4,,,,6.0,,,0.3
26,frame_0026.jpg,160.1,150.4,,,0.1,0.8,0.7,0.4,0.3
27,frame_0027.jpg,,152.5,,,,3.8,,0.4,0.3
28,frame_0028.jpg,,,,,,,,,
29,frame_0029.jpg,,150.3,,,,17.7,,0.3,0.3
30,frame_0030.jpg,,153.5,,,,8.7,,0.4,0.3
31,frame_0031.jpg,152.8,153.1,,,0.6,11.9,11.3,0.4,0.3
32,frame_0032.jpg,146.4,154.2,,,0.1,3.2,3.1,0.4,0.3
33,frame_0033.jpg,137.8,155.9,,,0.2,9.5,9.3,0.4,0.3
34,frame_0034.jpg,143.1,158.3,,,1.5,0.8,0.7,0.4,0.3
35,frame_0035.jpg,157.9,163.7,,,2.0,5.1,3.0,0.4,0.3
36,frame_0036.jpg,165.1,177.1,,,0.5,0.0,,0.4,0.3
37,frame_0037.jpg,157.3,176.8,,,3.8,12.8,9.0,0.4,0.3
38,frame_0038.jpg,142.1,170.8,,,5.4,10.9,5.4,0.3,0.3
39,frame_0039.jpg,155.0,174.9,,,13.0,7.8,5.2,0.4,0.3
40,frame_0040.jpg,,177.2,,,16.8,2.5,14.2,,0.3
41,frame_0041.jpg,,177.9,,,18.5,0.4,18.1,,0.3
42,frame_0042.jpg,,179.7,,,0.8,3.8,3.0,,0.3
43,frame_0043.jpg,80.8,171.8,,,4.3,0.6,3.7,0.3,0.3
44,frame_0044.jpg,86.7,163.6,,,2.5,9.5,7.0,0.3,0.4
45,frame_0045.jpg,,170.0,,,5.2,2.4,2.8,,0.4
46,frame_0046.jpg,,166.7,,,2.2,2.5,0.3,,0.4
47,frame_0047.jpg,134.2,167.7,,,1.1,26.3,25.2,0.4,0.4
48,frame_0048.jpg,146.5,171.9,,,11.3,12.5,1.2,0.4,0.4
49,frame_0049.jpg,105.3,129.4,,,75.3,14.4,60.9,0.3,0.3
50,frame_0050.jpg,106.2,40.4,,,114.7,152.7,38.0,0.3,0.0
51,frame_0051.jpg,,36.3,,,83.8,114.3,30.5,,0.1
52,frame_0052.jpg,,149.0,113.5,,22.0,16.1,5.9,,0.5
53,frame_0053.jpg,,8.1,,,10.4,12.3,1.9,,0.1
54,frame_0054.jpg,,,,,,,,,
55,frame_0055.jpg,,,,,,,,,
56,frame_0056.jpg,,,,,,,,,
57,frame_0057.jpg,,,,,,,,,
58,frame_0058.jpg,,,,,,,,,
59,frame_0059.jpg,,,,,,,,,
60,frame_0060.jpg,122.9,,,,,,,0.3,0.1
61,frame_0061.jpg,,,,,76.5,,,,
62,frame_0062.jpg,,163.7,,,51.6,,,,0.6
63,frame_0063.jpg,,9.2,,,,,,,0.2
64,frame_0064.jpg,,,,,,,,,
65,frame_0065.jpg,,,,,,,,,
66,frame_0066.jpg,,,,,,,,,
67,frame_0067.jpg,,,,,,,,,
68,frame_0068.jpg,,,,,,,,,
69,frame_0069.jpg,,,,,,,,,
70,frame_0070.jpg,,,,,,,,0.1,
71,frame_0071.jpg,,,,,,,,,
72,frame_0072.jpg,,157.3,,,,,,,0.5
73,frame_0073.jpg,,,,,,,,,
74,frame_0074.jpg,,,,,,,,,
75,frame_0075.jpg,,,,,,,,,
76,frame_0076.jpg,,,,,,,,,
77,frame_0077.jpg,,,,,,,,,
78,frame_0078.jpg,,,,,,,,,
79,frame_0079.jpg,,,,,147.6,,,,
80,frame_0080.jpg,,165.0,,,38.3,12.0,26.3,,0.6
81,frame_0081.jpg,,,,,23.8,2.2,21.6,,
82,frame_0082.jpg,,,,,,,,,
83,frame_0083.jpg,,,,,,,,,
84,frame_0084.jpg,,,,,,,,,
85,frame_0085.jpg,158.4,,,,,,,0.4,0.4
86,frame_0086.jpg,,,,,,,,,
87,frame_0087.jpg,,,,,,,,,
88,frame_0088.jpg,,,,,,,,,
89,frame_0089.jpg,,178.7,,,97.8,,,0.6,0.5
90,frame_0090.jpg,,150.2,,,41.8,,,0.5,0.5
91,frame_0091.jpg,,,,,,,,,
92,frame_0092.jpg,,,,,,,,,
93,frame_0093.jpg,,,,,,,,,
94,frame_0094.jpg,,,,,,,,,
95,frame_0095.jpg,,,,,,,,,
96,frame_0096.jpg,,,,,,,,,
97,frame_0097.jpg,,,,,,,,,
98,frame_0098.jpg,,,,,,,,,
99,frame_0099.jpg,,162.0,,,,,,,0.5
100,frame_0100.jpg,,,,,,,,,
101,frame_0101.jpg,,,,,,,,,
102,frame_0102.jpg,,,,,,,,,
103,frame_0103.jpg,,,,,,,,,
104,frame_0104.jpg,,,,,,,,,
105,frame_0105.jpg,,,,,,,,,
106,frame_0106.jpg,,,,,,,,,
107,frame_0107.jpg,,,,,,,,,
108,frame_0108.jpg,,168.7,,,,,,,0.7
109,frame_0109.jpg,,94.3,,,,,,,0.3
110,frame_0110.jpg,,,,,,,,,
111,frame_0111.jpg,,,,,,,,,
112,frame_0112.jpg,,,,,,,,,
113,frame_0113.jpg,,,,,,,,,
114,frame_0114.jpg,,,,,,,,,
115,frame_0115.jpg,,,,,,,,,
116,frame_0116.jpg,,,,,,,,,
117,frame_0117.jpg,,,,,,,,,
118,frame_0118.jpg,,171.6,,,24.0,,,,0.5
119,frame_0119.jpg,,,,,,,,,
120,frame_0120.jpg,,,,,,,,,
121,frame_0121.jpg,,,,,,,,,
122,frame_0122.jpg,,86.1,,,,,,0.6,0.2
123,frame_0123.jpg,,,,,,,,,
124,frame_0124.jpg,,,,,,,,,
125,frame_0125.jpg,,,,,,,,,
126,frame_0126.jpg,126.4,,,,,,,0.2,0.5
127,frame_0127.jpg,,,,,,,,,
128,frame_0128.jpg,,169.0,,,37.5,,,,0.6
129,frame_0129.jpg,,99.6,,,,,,,0.3
130,frame_0130.jpg,,,,,,,,,
131,frame_0131.jpg,,,,,,,,,
132,frame_0132.jpg,,,,,,,,,
133,frame_0133.jpg,,,,,,,,,
134,frame_0134.jpg,,,,,,,,,
135,frame_0135.jpg,,,,,,,,,
136,frame_0136.jpg,,,,,,,,,
137,frame_0137.jpg,,,,,116.1,,,0.5,0.5
138,frame_0138.jpg,,,,,,,,,
139,frame_0139.jpg,,,,,,,,,
140,frame_0140.jpg,,,,,,,,,
141,frame_0141.jpg,,,,,,,,,
142,frame_0142.jpg,,170.4,,,,,,,0.4
143,frame_0143.jpg,,160.0,,,22.4,15.0,7.4,,0.4
144,frame_0144.jpg,,164.4,,,31.4,15.0,16.4,,0.4
145,frame_0145.jpg,,167.6,166.8,,34.3,4.2,30.1,,0.4
146,frame_0146.jpg,167.9,172.6,170.5,158.7,29.9,5.2,24.7,0.4,0.4
147,frame_0147.jpg,129.5,175.1,178.7,178.2,13.6,5.9,7.7,0.4,0.4
148,frame_0148.jpg,178.9,172.1,179.5,,1.0,7.6,6.6,0.4,0.4
149,frame_0149.jpg,156.4,168.4,177.7,,4.4,3.8,0.6,0.4,0.4
150,frame_0150.jpg,140.9,169.2,,,13.5,7.5,6.0,0.3,0.4
151,frame_0151.jpg,139.5,166.8,,,15.4,9.2,6.2,0.3,0.4
152,frame_0152.jpg,153.2,169.6,,,7.6,6.5,1.1,0.4,0.4
153,frame_0153.jpg,154.7,170.6,,176.7,5.3,12.6,7.4,0.4,0.4
154,frame_0154.jpg,154.0,171.5,,177.3,4.3,14.6,10.3,0.4,0.4
155,frame_0155.jpg,168.9,172.4,,178.0,9.7,13.8,4.1,0.4,0.4
156,frame_0156.jpg,175.5,176.1,177.3,177.3,18.2,14.0,4.2,0.4,0.4
157,frame_0157.jpg,22.0,178.2,133.6,165.7,14.8,171.3,156.5,0.2,0.4
158,frame_0158.jpg,29.9,176.3,128.7,172.8,12.7,63.8,51.1,0.2,0.4
159,frame_0159.jpg,123.7,167.7,,175.0,4.3,7.4,3.1,0.3,0.4
160,frame_0160.jpg,144.7,145.1,172.2,174.7,0.0,1.9,1.8,0.4,0.4
161,frame_0161.jpg,127.1,,179.1,174.0,5.8,11.2,5.4,0.4,
162,frame_0162.jpg,136.2,,,171.8,26.6,4.8,21.9,0.3,0.4
163,frame_0163.jpg,139.3,156.2,,172.1,27.4,26.8,0.6,0.3,0.4
164,frame_0164.jpg,123.4,116.8,,171.5,81.9,153.9,72.0,0.3,0.3
165,frame_0165.jpg,97.7,80.3,,174.4,104.5,177.9,73.3,0.2,0.2
166,frame_0166.jpg,68.0,37.4,,174.2,122.0,171.1,49.2,0.2,0.3
167,frame_0167.jpg,145.7,166.8,,177.5,79.6,174.4,94.7,0.5,0.5
168,frame_0168.jpg,,,,165.9,24.8,23.4,1.4,,
169,frame_0169.jpg,128.0,158.1,159.6,172.1,7.8,13.7,5.9,0.1,0.1
170,frame_0170.jpg,33.6,,,160.0,5.8,0.8,5.0,0.2,
171,frame_0171.jpg,170.7,,,163.2,17.5,2.7,14.8,0.3,0.4
172,frame_0172.jpg,130.8,103.4,158.1,154.3,76.3,28.5,47.7,0.3,0.3
173,frame_0173.jpg,72.0,52.1,157.0,158.6,110.7,168.8,58.1,0.2,0.2
174,frame_0174.jpg,136.6,176.9,159.9,166.2,62.1,10.3,51.8,0.5,0.5
175,frame_0175.jpg,,,169.3,169.3,19.1,15.2,3.8,,
176,frame_0176.jpg,132.9,168.8,164.3,168.4,8.0,18.9,10.8,0.1,0.1
177,frame_0177.jpg,,,165.1,164.9,2.6,15.1,12.5,,
178,frame_0178.jpg,173.9,133.5,164.8,165.2,32.5,29.9,2.6,0.3,0.4
179,frame_0179.jpg,165.8,127.8,174.0,176.2,77.9,136.0,58.1,0.3,0.4
180,frame_0180.jpg,126.2,92.5,,170.5,105.1,153.4,48.4,0.2,0.2
181,frame_0181.jpg,52.0,47.3,,173.7,111.4,155.4,44.0,0.2,0.2
182,frame_0182.jpg,139.1,164.3,158.7,171.4,74.8,167.5,92.7,0.5,0.5
183,frame_0183.jpg,15.9,,158.8,175.8,16.4,28.7,12.3,0.2,
184,frame_0184.jpg,159.5,179.0,157.7,177.9,6.7,27.1,20.4,0.1,0.1
185,frame_0185.jpg,,,157.9,168.1,0.4,8.7,8.3,,
186,frame_0186.jpg,172.3,,166.7,171.9,30.0,13.3,16.6,0.4,0.4
187,frame_0187.jpg,163.9,149.0,,164.2,61.3,164.4,103.0,0.4,0.4
188,frame_0188.jpg,154.0,133.2,,169.3,83.6,156.8,73.1,0.3,0.4
189,frame_0189.jpg,162.1,133.5,,168.9,101.5,153.9,52.3,0.3,0.3
190,frame_0190.jpg,179.8,95.7,,166.0,112.3,161.6,49.4,0.1,0.2
191,frame_0191.jpg,115.7,83.0,,163.9,130.5,166.1,35.6,0.1,0.2
192,frame_0192.jpg,67.5,23.2,,168.3,123.3,163.5,40.2,0.2,0.2
193,frame_0193.jpg,165.0,,,169.0,14.4,171.8,157.4,0.5,0.5
194,frame_0194.jpg,30.3,132.3,,163.2,9.0,33.8,24.8,0.1,0.1
195,frame_0195.jpg,124.2,155.9,,175.7,4.4,23.8,19.5,0.1,0.1
196,frame_0196.jpg,29.5,,,167.4,10.8,14.2,3.4,0.2,
197,frame_0197.jpg,159.8,145.2,,173.9,50.9,157.6,106.7,0.4,0.4
198,frame_0198.jpg,154.5,145.8,170.0,176.3,84.3,163.8,79.6,0.4,0.4
199,frame_0199.jpg,152.1,143.1,,171.1,82.8,159.1,76.2,0.3,0.4
200,frame_0200.jpg,149.5,147.9,,171.2,95.2,157.0,61.8,0.3,0.4
201,frame_0201.jpg,155.4,142.6,,151.8,104.1,155.1,50.9,0.3,0.3
202,frame_0202.jpg,152.4,94.4,,170.5,116.3,167.2,51.0,0.1,0.2
203,frame_0203.jpg,86.0,73.8,,165.3,117.2,170.0,52.8,0.2,0.2
204,frame_0204.jpg,149.1,178.3,,166.7,39.5,146.2,106.7,0.5,0.5
205,frame_0205.jpg,69.8,,,175.1,6.5,24.3,17.8,0.1,
206,frame_0206.jpg,132.1,,,177.4,0.6,21.7,21.1,0.1,
207,frame_0207.jpg,8.0,,,172.2,7.0,7.1,0.2,0.2,
208,frame_0208.jpg,166.9,150.2,,164.6,39.0,29.6,9.4,0.4,0.4
209,frame_0209.jpg,158.0,149.4,,163.5,85.1,161.6,76.4,0.4,0.4
210,frame_0210.jpg,153.0,148.3,,164.3,76.7,172.7,96.1,0.4,0.4
211,frame_0211.jpg,155.8,154.8,164.5,156.4,78.2,165.8,87.7,0.4,0.4
212,frame_0212.jpg,145.6,134.4,,168.1,106.6,174.4,67.8,0.2,0.3
213,frame_0213.jpg,108.9,91.0,,176.6,113.0,173.6,60.6,0.1,0.2
214,frame_0214.jpg,105.0,13.9,,166.0,130.4,168.4,37.9,0.3,0.3
215,frame_0215.jpg,169.5,124.0,,157.1,14.5,33.1,18.6,0.5,0.5
216,frame_0216.jpg,108.0,92.5,,179.1,19.0,28.8,9.8,0.1,0.1
217,frame_0217.jpg,66.6,,,172.6,6.4,28.5,22.2,0.1,
218,frame_0218.jpg,175.8,,,,7.4,13.0,5.7,0.4,
219,frame_0219.jpg,166.3,158.0,,,36.2,24.1,12.1,0.4,0.5
220,frame_0220.jpg,160.9,151.1,165.5,168.1,79.2,27.2,52.0,0.4,0.5
221,frame_0221.jpg,157.4,148.8,,158.8,84.7,165.1,80.5,0.4,0.5
222,frame_0222.jpg,157.7,150.6,,165.4,90.3,179.2,89.0,0.4,0.5
223,frame_0223.jpg,149.8,147.1,,160.1,87.0,175.1,88.0,0.3,0.4
224,frame_0224.jpg,126.6,123.3,,173.1,100.1,170.4,70.3,0.2,0.3
225,frame_0225.jpg,93.2,79.3,,168.0,112.0,155.3,43.4,0.3,0.3
226,frame_0226.jpg,159.8,,,166.3,4.9,41.8,36.9,0.5,0.5
227,frame_0227.jpg,17.5,154.3,,173.5,2.9,35.6,32.6,0.1,0.1
228,frame_0228.jpg,,,,174.4,2.8,30.9,28.1,,
229,frame_0229.jpg,0.1,,,171.8,14.2,36.2,22.1,0.2,
230,frame_0230.jpg,163.2,147.7,,173.9,30.5,30.9,0.4,0.3,0.4
231,frame_0231.jpg,156.4,150.0,158.0,167.4,69.7,101.3,31.6,0.4,0.4
232,frame_0232.jpg,148.3,145.9,,164.1,84.0,158.8,74.8,0.3,0.4
233,frame_0233.jpg,118.7,118.4,,156.1,101.5,175.4,73.9,0.2,0.3
234,frame_0234.jpg,66.4,73.8,,169.1,109.4,170.4,61.0,0.2,0.3
235,frame_0235.jpg,140.4,165.6,,162.6,89.1,167.1,78.0,0.5,0.5
236,frame_0236.jpg,4.0,,,163.6,4.4,29.8,25.4,0.3,
237,frame_0237.jpg,176.2,144.4,150.0,176.6,3.7,25.7,21.9,0.1,0.1
238,frame_0238.jpg,137.5,,,170.6,2.4,11.9,9.5,0.1,
239,frame_0239.jpg,172.3,179.3,,160.9,10.6,30.3,19.7,0.4,0.4
240,frame_0240.jpg,162.7,153.2,,174.3,41.7,9.7,32.0,0.4,0.5
241,frame_0241.jpg,149.7,150.8,171.7,169.2,76.4,167.5,91.1,0.4,0.4
242,frame_0242.jpg,135.1,130.7,,161.5,99.8,164.2,64.4,0.2,0.3
243,frame_0243.jpg,78.6,91.1,,170.1,106.5,161.2,54.7,0.1,0.2
244,frame_0244.jpg,80.3,7.8,,164.4,145.7,165.4,19.7,0.3,0.3
245,frame_0245.jpg,164.3,165.3,,160.1,3.5,48.8,45.2,0.6,0.5
246,frame_0246.jpg,158.6,,,176.1,5.5,31.3,25.9,0.1,
247,frame_0247.jpg,,,,177.5,4.6,23.8,19.1,,
248,frame_0248.jpg,,,,177.5,2.3,2.4,0.1,,
249,frame_0249.jpg,173.7,143.4,,162.9,18.3,14.1,4.2,0.4,0.4
250,frame_0250.jpg,162.8,159.7,,155.9,46.4,12.1,34.2,0.4,0.5
251,frame_0251.jpg,157.2,155.1,,166.7,66.8,94.5,27.7,0.4,0.4
252,frame_0252.jpg,148.9,150.1,180.0,166.4,84.5,152.4,68.0,0.3,0.4
253,frame_0253.jpg,143.9,137.9,,162.5,101.8,161.6,59.8,0.2,0.3
254,frame_0254.jpg,119.1,116.7,,173.2,107.9,164.4,56.6,0.1,0.2
255,frame_0255.jpg,88.1,85.7,,168.0,115.4,159.5,44.1,0.2,0.3
256,frame_0256.jpg,151.7,174.3,,165.4,28.1,47.1,19.0,0.5,0.5
257,frame_0257.jpg,,,,179.8,16.2,34.4,18.2,,
258,frame_0258.jpg,126.1,109.2,,174.4,5.3,32.9,27.6,0.1,0.1
259,frame_0259.jpg,13.3,,,167.1,0.6,22.3,21.7,0.1,
260,frame_0260.jpg,168.4,,,163.0,20.6,7.0,13.6,0.4,
261,frame_0261.jpg,160.6,155.5,,162.1,51.8,52.6,0.8,0.4,0.5
262,frame_0262.jpg,146.1,142.2,170.1,168.5,98.0,160.9,62.9,0.4,0.4
263,frame_0263.jpg,105.1,124.0,,165.2,100.1,173.3,73.2,0.2,0.3
264,frame_0264.jpg,84.6,90.2,,165.3,120.0,163.7,43.7,0.3,0.3
265,frame_0265.jpg,151.3,178.8,,166.4,84.8,154.2,69.4,0.5,0.6
266,frame_0266.jpg,139.3,,,159.5,7.0,35.2,28.2,0.4,
267,frame_0267.jpg,145.2,153.0,,176.2,1.3,33.8,32.5,0.1,0.1
268,frame_0268.jpg,130.6,,,166.8,8.4,11.9,3.5,0.1,
269,frame_0269.jpg,162.2,,,165.5,16.0,8.7,7.3,0.4,
270,frame_0270.jpg,163.9,155.6,,159.8,32.9,18.1,14.9,0.4,0.5
271,frame_0271.jpg,152.6,147.9,,165.3,68.3,165.6,97.3,0.4,0.5
272,frame_0272.jpg,151.1,146.6,,172.2,105.1,169.2,64.1,0.4,0.4
273,frame_0273.jpg,136.0,147.5,,169.6,85.7,166.7,81.0,0.3,0.4
274,frame_0274.jpg,105.7,125.8,,169.8,101.9,168.3,66.4,0.2,0.3
275,frame_0275.jpg,89.8,24.7,,165.4,130.8,160.3,29.5,0.3,0.3
276,frame_0276.jpg,156.5,,,171.3,0.1,80.6,80.5,0.5,0.5
277,frame_0277.jpg,147.3,,,175.7,15.6,33.4,17.8,0.1,
278,frame_0278.jpg,138.4,,155.9,173.3,3.3,23.0,19.8,0.1,
279,frame_0279.jpg,5.3,,152.5,173.7,15.0,13.2,1.8,0.1,
280,frame_0280.jpg,163.6,170.3,157.7,177.1,21.1,14.5,6.5,0.4,0.4
281,frame_0281.jpg,179.7,168.8,170.3,170.3,8.3,21.5,13.1,0.4,0.4
282,frame_0282.jpg,176.9,161.5,171.0,178.9,8.6,10.0,1.5,0.5,0.4
283,frame_0283.jpg,179.2,158.7,172.7,179.4,5.6,16.5,10.8,0.5,0.4
284,frame_0284.jpg,177.2,164.9,169.4,175.1,1.7,13.8,12.1,0.4,0.4
285,frame_0285.jpg,43.7,169.2,169.1,172.7,20.9,0.1,20.8,0.3,0.4
286,frame_0286.jpg,114.4,,,172.6,33.4,3.0,30.4,0.3,
287,frame_0287.jpg,108.6,,,173.0,36.8,4.7,32.1,0.3,
288,frame_0288.jpg,101.6,127.6,,175.8,130.0,178.8,48.8,0.3,0.3
289,frame_0289.jpg,95.7,160.1,170.6,166.6,134.8,179.7,44.9,0.3,0.3
290,frame_0290.jpg,91.4,142.7,,,141.3,166.6,25.3,0.3,0.3
291,frame_0291.jpg,95.1,150.0,,,151.5,179.9,28.4,0.3,0.4
292,frame_0292.jpg,96.3,153.6,134.0,125.3,147.8,151.7,3.9,0.2,0.3
293,frame_0293.jpg,89.0,54.1,,,170.8,26.1,144.6,0.2,0.3
294,frame_0294.jpg,,,,,,,,,
295,frame_0295.jpg,,,,,,,,,
296,frame_0296.jpg,,,,,,,,,
297,frame_0297.jpg,,,,,,,,,
298,frame_0298.jpg,,,,,,,,,
299,frame_0299.jpg,,,,,,,,,
300,frame_0300.jpg,,,,,,,,,
301,frame_0301.jpg,,,,,,,,,
302,frame_0302.jpg,,,,,,,,,
303,frame_0303.jpg,,,,,,,,,
304,frame_0304.jpg,,,,,,,,,
305,frame_0305.jpg,,,,,,,,,
306,frame_0306.jpg,,,,,,,,,
307,frame_0307.jpg,,,,,,,,,
308,frame_0308.jpg,,,,,,,,,
309,frame_0309.jpg,,,,,,,,,
310,frame_0310.jpg,,,,,,,,,
311,frame_0311.jpg,,,,,,,,,
312,frame_0312.jpg,,,,,,,,,
313,frame_0313.jpg,,,,,,,,,
314,frame_0314.jpg,,,,,,,,,
315,frame_0315.jpg,,,,,,,,,
316,frame_0316.jpg,,,,,,,,,
317,frame_0317.jpg,,,,,,,,,
318,frame_0318.jpg,,,,,,,,,
319,frame_0319.jpg,,,,,,,,,
320,frame_0320.jpg,,,,,,,,,
321,frame_0321.jpg,,,,,,,,,
322,frame_0322.jpg,,,,,,,,,
323,frame_0323.jpg,,,,,,,,,
324,frame_0324.jpg,,,,,,,,,
325,frame_0325.jpg,,,,,,,,,
326,frame_0326.jpg,,,,,,,,,
327,frame_0327.jpg,,,,,,,,,
328,frame_0328.jpg,,,,,,,,,
329,frame_0329.jpg,,,,,,,,,
330,frame_0330.jpg,,,,,,,,,
331,frame_0331.jpg,,,,,,,,,
332,frame_0332.jpg,,,,,,,,,
333,frame_0333.jpg,,,,,,,,,
334,frame_0334.jpg,,,,,,,,,
335,frame_0335.jpg,,,,,,,,,
336,frame_0336.jpg,,,,,,,,,
337,frame_0337.jpg,,,,,,,,,
338,frame_0338.jpg,,,,,,,,,
339,frame_0339.jpg,,,,,,,,,
340,frame_0340.jpg,,,,,,,,,
341,frame_0341.jpg,,,,,,,,,
342,frame_0342.jpg,,,,,,,,,
343,frame_0343.jpg,,,,,,,,,
344,frame_0344.jpg,,,,,,,,,
345,frame_0345.jpg,,,,,,,,,
346,frame_0346.jpg,,,,,,,,,
347,frame_0347.jpg,,,,,,,,,
348,frame_0348.jpg,,,,,,,,,
349,frame_0349.jpg,,,,,,,,,
350,frame_0350.jpg,,,,,,,,,
351,frame_0351.jpg,,,,,,,,,
352,frame_0352.jpg,,,,,,,,,
353,frame_0353.jpg,,,,,,,,,
354,frame_0354.jpg,,,,,,,,,
355,frame_0355.jpg,,,,,,,,,
356,frame_0356.jpg,,,,,,,,,
357,frame_0357.jpg,,,,,,,,,
358,frame_0358.jpg,,,,,,,,,
359,frame_0359.jpg,,,,,,,,,
360,frame_0360.jpg,,,,,,,,,
361,frame_0361.jpg,,,,,,,,,
362,frame_0362.jpg,,,,,,,,,
363,frame_0363.jpg,161.2,158.3,,,160.5,161.2,0.7,0.4,0.5
364,frame_0364.jpg,144.1,158.8,,,165.8,165.3,0.5,0.3,0.5
365,frame_0365.jpg,147.4,164.0,,,174.3,179.2,5.0,0.3,0.5
366,frame_0366.jpg,160.5,164.6,,,173.1,179.6,6.5,0.3,0.5
367,frame_0367.jpg,169.7,161.3,,,176.2,176.1,0.2,0.4,0.4
368,frame_0368.jpg,,168.3,,,174.4,174.9,0.5,,0.4
369,frame_0369.jpg,,172.4,,,177.0,171.1,5.9,,0.4
370,frame_0370.jpg,,172.8,,,173.4,163.7,9.7,,0.4
371,frame_0371.jpg,,177.6,,179.9,176.7,161.7,15.0,,0.4
372,frame_0372.jpg,168.8,167.8,,177.7,179.6,169.4,10.2,0.4,0.4
373,frame_0373.jpg,141.4,178.4,,,163.9,179.2,15.4,0.4,0.4
374,frame_0374.jpg,131.5,179.0,,,142.9,162.6,19.7,0.4,0.4
375,frame_0375.jpg,127.9,171.6,,,131.9,138.2,6.3,0.4,0.4
376,frame_0376.jpg,131.2,145.0,,,139.7,6.2,133.5,0.4,0.4
377,frame_0377.jpg,141.9,160.8,,158.5,159.4,45.8,113.6,0.4,0.4
378,frame_0378.jpg,140.5,149.4,,170.2,128.9,62.1,66.8,0.4,0.3
379,frame_0379.jpg,139.6,172.7,170.5,178.5,112.6,40.5,72.0,0.4,0.5
380,frame_0380.jpg,135.4,158.7,156.6,169.4,63.2,3.1,60.1,0.4,0.4
381,frame_0381.jpg,137.0,134.3,179.3,172.5,29.9,9.5,20.4,0.4,0.4
382,frame_0382.jpg,136.5,,,170.9,34.7,4.1,30.6,0.4,
383,frame_0383.jpg,138.3,130.3,,171.0,10.8,7.8,3.0,0.4,0.3
384,frame_0384.jpg,140.0,128.4,,173.5,123.6,20.4,103.1,0.4,0.3
385,frame_0385.jpg,141.7,127.3,,171.1,56.4,16.1,40.4,0.4,0.3
386,frame_0386.jpg,144.7,141.8,,171.1,47.7,5.7,42.0,0.4,0.3
387,frame_0387.jpg,144.5,142.3,,173.6,127.4,14.2,113.2,0.4,0.3
388,frame_0388.jpg,142.2,142.5,,174.0,152.5,15.9,136.7,0.4,0.3
389,frame_0389.jpg,147.4,147.0,,174.0,151.0,16.5,134.6,0.4,0.3
390,frame_0390.jpg,152.4,156.6,,175.1,134.7,18.0,116.7,0.4,0.4
391,frame_0391.jpg,155.7,163.0,,177.3,139.9,51.2,88.7,0.4,0.4
392,frame_0392.jpg,153.5,163.0,,175.9,136.9,58.3,78.6,0.4,0.4
393,frame_0393.jpg,151.5,163.4,,174.7,143.2,79.8,63.4,0.4,0.4
394,frame_0394.jpg,149.2,164.6,,171.7,144.9,38.9,106.0,0.4,0.4
395,frame_0395.jpg,147.9,164.8,,174.8,145.6,61.6,84.0,0.4,0.4
396,frame_0396.jpg,148.5,161.5,,171.0,147.2,34.0,113.2,0.4,0.4
397,frame_0397.jpg,150.1,163.5,,170.7,143.4,30.4,113.0,0.4,0.4
398,frame_0398.jpg,150.2,164.8,,170.9,142.8,30.1,112.7,0.4,0.4
399,frame_0399.jpg,149.9,164.4,,170.3,143.3,31.0,112.3,0.4,0.4
400,frame_0400.jpg,143.8,163.4,,169.8,133.3,32.4,100.9,0.4,0.3
401,frame_0401.jpg,135.0,154.6,,170.5,131.0,18.1,112.9,0.3,0.3
402,frame_0402.jpg,131.2,138.7,,171.8,52.4,42.8,9.7,0.2,0.2
403,frame_0403.jpg,145.3,164.8,,177.3,112.5,14.5,98.0,0.3,0.3
404,frame_0404.jpg,164.5,172.2,,178.7,179.2,49.7,129.5,0.4,0.4
405,frame_0405.jpg,167.4,,,173.5,14.3,9.6,4.7,0.5,
406,frame_0406.jpg,139.2,173.6,,173.1,23.8,17.3,6.5,0.1,0.3
407,frame_0407.jpg,,,,173.2,47.5,15.9,31.6,,
408,frame_0408.jpg,,,152.5,162.3,55.2,0.0,,,
409,frame_0409.jpg,,9.1,133.6,145.9,53.1,8.6,44.5,,0.2
410,frame_0410.jpg,25.6,26.2,129.2,146.2,59.0,3.6,55.4,0.2,0.2
411,frame_0411.jpg,150.9,,163.1,167.8,2.3,27.8,25.5,0.3,
412,frame_0412.jpg,91.9,,,144.1,57.8,32.7,25.1,0.3,
413,frame_0413.jpg,47.5,178.5,,,168.9,179.4,10.5,0.3,0.4
414,frame_0414.jpg,57.3,175.3,,103.5,165.5,164.2,1.4,0.3,0.4
415,frame_0415.jpg,62.1,163.7,,176.4,178.9,176.8,2.1,0.2,0.4
416,frame_0416.jpg,85.7,165.4,,174.1,174.1,171.7,2.4,0.3,0.4
417,frame_0417.jpg,125.5,,,,176.6,24.3,152.3,0.3,
418,frame_0418.jpg,115.6,,,,,,,0.3,
419,frame_0419.jpg,,,,,,,,,
420,frame_0420.jpg,,,,,,,,,
421,frame_0421.jpg,,,,,,,,,
422,frame_0422.jpg,,,,,,,,,
423,frame_0423.jpg,,,,,,,,,
424,frame_0424.jpg,,,,,,,,,
425,frame_0425.jpg,,,,,,,,,
426,frame_0426.jpg,,,,,,,,,
427,frame_0427.jpg,,,,,,,,,
428,frame_0428.jpg,,,,,,,,,
429,frame_0429.jpg,,,,,,,,,
430,frame_0430.jpg,,,,,,,,,
431,frame_0431.jpg,,,,,,,,,
432,frame_0432.jpg,,,,,,,,,
433,frame_0433.jpg,,,,,,,,,
434,frame_0434.jpg,,,,,,,,,
435,frame_0435.jpg,,,,,,,,,
436,frame_0436.jpg,117.4,,,,152.3,179.2,26.9,0.3,0.3
437,frame_0437.jpg,122.8,,,,147.1,137.0,10.1,0.3,0.3
438,frame_0438.jpg,134.0,152.7,153.9,129.5,126.0,135.6,9.6,0.3,0.3
439,frame_0439.jpg,136.5,119.5,175.2,172.6,129.7,168.0,38.4,0.3,0.3
440,frame_0440.jpg,117.8,126.2,175.2,169.1,122.5,149.7,27.2,0.3,0.3
441,frame_0441.jpg,120.2,,172.0,167.5,125.8,102.0,23.8,0.3,0.3
442,frame_0442.jpg,119.0,,169.1,177.1,127.7,177.3,49.5,0.3,0.3
443,frame_0443.jpg,124.0,,171.2,177.1,119.2,165.8,46.6,0.3,0.3
444,frame_0444.jpg,128.4,,169.6,175.2,118.5,8.2,110.3,0.3,0.3
445,frame_0445.jpg,134.9,139.2,,175.3,110.4,3.5,106.9,0.3,0.3
446,frame_0446.jpg,135.2,122.6,,172.7,106.4,0.3,106.1,0.3,0.3
447,frame_0447.jpg,136.4,112.0,,173.8,122.5,1.9,120.6,0.4,0.3
448,frame_0448.jpg,130.3,111.0,,168.4,134.4,4.8,129.7,0.4,0.3
449,frame_0449.jpg,129.5,134.9,,168.3,95.0,19.3,75.7,0.4,0.4
450,frame_0450.jpg,129.8,129.0,,169.8,131.8,21.3,110.5,0.4,0.4
451,frame_0451.jpg,123.8,115.1,133.4,171.9,142.7,15.7,127.0,0.3,0.3
452,frame_0452.jpg,124.4,,,169.6,70.6,21.6,49.0,0.3,
453,frame_0453.jpg,127.3,126.1,,169.6,100.2,13.0,87.2,0.3,0.3
454,frame_0454.jpg,131.7,140.8,,169.7,148.3,24.0,124.2,0.4,0.3
455,frame_0455.jpg,134.2,143.9,,168.9,143.3,26.2,117.1,0.4,0.3
456,frame_0456.jpg,135.6,146.2,,168.4,135.2,27.7,107.6,0.4,0.3
457,frame_0457.jpg,135.2,149.6,,168.2,146.8,35.2,111.6,0.4,0.3
458,frame_0458.jpg,130.9,155.1,,167.8,1.6,33.8,32.2,0.3,0.3
459,frame_0459.jpg,128.7,157.9,,167.5,6.2,32.5,26.3,0.3,0.3
460,frame_0460.jpg,122.3,150.8,,167.4,6.9,23.6,16.6,0.2,0.2
461,frame_0461.jpg,111.8,165.0,,167.7,63.6,6.9,56.7,0.1,0.2
462,frame_0462.jpg,132.6,145.2,,169.4,78.0,3.5,74.6,0.2,0.2
463,frame_0463.jpg,156.8,174.8,,173.0,91.9,3.1,88.7,0.4,0.4
464,frame_0464.jpg,149.4,174.6,,172.1,25.4,1.0,24.4,0.3,0.4
465,frame_0465.jpg,,142.0,,169.7,43.0,9.7,33.3,,0.2
466,frame_0466.jpg,,,,164.1,45.8,2.6,43.2,,
467,frame_0467.jpg,,,,154.1,50.0,7.3,42.7,,
468,frame_0468.jpg,,19.9,,146.1,52.8,0.9,51.9,,0.2
469,frame_0469.jpg,171.0,48.1,,151.5,39.6,17.0,22.6,0.1,0.1
470,frame_0470.jpg,148.4,,167.9,179.4,,24.6,,0.4,0.3
471,frame_0471.jpg,110.3,,,169.1,16.8,36.9,20.1,0.4,
472,frame_0472.jpg,117.3,171.9,,168.3,163.1,154.7,8.4,0.4,0.4
473,frame_0473.jpg,114.4,,,,,162.4,,0.4,
474,frame_0474.jpg,,,,,,146.6,,,
475,frame_0475.jpg,110.2,,,,,171.7,,0.3,
476,frame_0476.jpg,96.9,,,,178.8,168.2,10.6,0.3,
477,frame_0477.jpg,73.8,,,,166.3,152.0,14.3,0.2,
478,frame_0478.jpg,,135.2,,175.8,154.9,158.6,3.7,,0.4
479,frame_0479.jpg,,131.9,,157.9,133.2,14.6,118.6,,0.4
480,frame_0480.jpg,71.1,,,170.0,74.5,1.3,73.2,0.0,0.4
481,frame_0481.jpg,80.7,159.4,131.1,177.4,101.9,132.1,30.3,0.2,0.4
482,frame_0482.jpg,103.4,139.5,136.5,173.5,49.8,29.7,20.0,0.3,0.4
483,frame_0483.jpg,110.5,134.7,138.8,177.4,58.3,143.1,84.8,0.3,0.4
484,frame_0484.jpg,119.1,124.7,177.1,142.3,107.1,179.0,71.9,0.3,0.4
485,frame_0485.jpg,127.1,134.6,135.9,175.1,97.3,170.1,72.8,0.3,0.4
486,frame_0486.jpg,135.6,,133.5,179.9,44.4,175.9,131.4,0.3,0.4
487,frame_0487.jpg,129.3,159.2,135.0,179.2,1.0,166.7,165.7,0.3,0.3
488,frame_0488.jpg,112.1,152.7,175.3,143.1,3.2,163.4,160.2,0.1,0.2
489,frame_0489.jpg,121.6,146.1,138.5,178.6,10.8,134.8,124.1,0.2,0.2
490,frame_0490.jpg,155.4,179.6,177.9,174.8,15.8,159.0,143.2,0.3,0.3
491,frame_0491.jpg,161.1,,141.8,174.0,2.1,38.9,36.9,0.4,0.4
492,frame_0492.jpg,142.7,171.6,,171.4,27.3,0.7,26.6,0.2,0.3
493,frame_0493.jpg,173.6,,,172.6,13.8,0.3,13.6,0.3,0.3
494,frame_0494.jpg,,14.8,,164.3,39.4,11.0,28.4,,0.2
495,frame_0495.jpg,,5.6,,154.6,56.1,3.4,52.7,0.6,0.2
496,frame_0496.jpg,,35.7,,149.1,53.2,11.7,41.5,,0.2
497,frame_0497.jpg,157.5,177.7,,171.4,169.6,26.2,143.4,0.4,0.3
498,frame_0498.jpg,66.1,,80.1,143.2,20.7,40.4,19.8,0.3,
499,frame_0499.jpg,100.4,168.4,,24.4,173.4,173.1,0.3,0.4,0.4
500,frame_0500.jpg,58.5,168.2,,,147.5,163.8,16.3,0.1,0.4
501,frame_0501.jpg,43.0,160.6,,170.4,143.3,164.1,20.9,0.0,0.4
502,frame_0502.jpg,122.8,170.6,,174.0,178.9,173.9,5.0,0.3,0.4
503,frame_0503.jpg,176.3,179.4,,172.4,179.5,167.4,12.1,0.4,0.4
504,frame_0504.jpg,177.5,177.5,178.9,174.2,171.6,174.4,2.8,0.4,0.4
505,frame_0505.jpg,174.3,173.2,,179.3,162.0,173.1,11.1,0.5,0.4
506,frame_0506.jpg,179.1,172.4,,,162.1,179.4,17.3,0.5,0.4
507,frame_0507.jpg,178.2,176.6,,,170.5,171.2,0.7,0.4,0.5
508,frame_0508.jpg,173.0,176.3,,,175.5,170.2,5.3,0.4,0.5
509,frame_0509.jpg,,172.4,,,,162.0,,0.5,0.5
510,frame_0510.jpg,170.9,172.0,,,175.6,178.7,3.2,0.6,0.5
511,frame_0511.jpg,174.7,159.1,,,167.9,178.1,10.1,0.8,0.5
512,frame_0512.jpg,,,,,,,,,
513,frame_0513.jpg,,,,,128.6,,,,
514,frame_0514.jpg,2.6,,,,,,,0.7,
515,frame_0515.jpg,38.0,,,,148.7,,,0.7,
516,frame_0516.jpg,140.3,149.6,,,139.5,167.5,27.9,0.6,0.6
517,frame_0517.jpg,144.2,178.1,,,160.7,124.7,36.0,0.5,0.4
518,frame_0518.jpg,,,,,,28.5,,0.4,0.3
519,frame_0519.jpg,,,,,,14.3,,0.3,
520,frame_0520.jpg,177.1,,,,8.9,2.0,6.9,0.3,
521,frame_0521.jpg,172.8,,,154.2,8.5,9.8,1.3,0.3,
522,frame_0522.jpg,173.4,,,,15.3,6.8,8.5,0.3,
523,frame_0523.jpg,170.3,,140.5,,17.1,0.6,16.6,0.3,
524,frame_0524.jpg,179.9,,,,33.4,11.2,22.2,0.3,
525,frame_0525.jpg,178.2,,,,47.7,7.1,40.6,0.3,
526,frame_0526.jpg,169.4,,,,44.9,4.3,40.6,0.3,
527,frame_0527.jpg,161.9,,,,49.0,6.8,42.2,0.3,0.1
528,frame_0528.jpg,150.6,,,,57.1,13.5,43.6,0.3,0.1
529,frame_0529.jpg,150.8,,,,50.3,8.5,41.8,0.3,
530,frame_0530.jpg,147.6,172.6,,,63.4,13.1,50.3,0.3,0.4
531,frame_0531.jpg,147.4,170.6,,173.4,66.7,15.7,51.1,0.3,0.4
532,frame_0532.jpg,143.0,,163.5,172.3,111.8,0.9,111.0,0.3,0.4
533,frame_0533.jpg,137.2,83.1,,175.0,117.3,4.6,112.7,0.3,0.3
534,frame_0534.jpg,139.6,160.8,,173.2,119.5,10.5,109.0,0.3,0.3
535,frame_0535.jpg,141.2,167.5,,172.2,96.0,5.1,91.0,0.3,0.3
536,frame_0536.jpg,144.4,178.0,,171.5,55.7,4.1,51.7,0.3,0.3
537,frame_0537.jpg,141.9,158.3,139.2,172.1,99.8,18.5,81.3,0.3,0.3
538,frame_0538.jpg,139.9,148.9,134.5,173.1,111.2,26.0,85.2,0.4,0.3
539,frame_0539.jpg,135.2,116.9,133.2,173.7,117.7,15.8,101.9,0.4,0.3
540,frame_0540.jpg,138.0,166.4,,168.2,45.3,19.3,26.0,0.4,0.4
541,frame_0541.jpg,143.7,,,169.3,44.4,21.8,22.6,0.4,0.4
542,frame_0542.jpg,136.9,,132.7,169.0,21.9,22.9,1.0,0.3,0.4
543,frame_0543.jpg,138.0,,132.3,167.8,44.9,26.6,18.3,0.3,0.3
544,frame_0544.jpg,124.2,169.2,,166.7,50.3,24.6,25.7,0.2,0.2
545,frame_0545.jpg,119.3,169.3,,168.2,19.9,27.3,7.4,0.1,0.2
546,frame_0546.jpg,150.2,166.1,,172.7,64.0,30.5,33.6,0.3,0.3
547,frame_0547.jpg,158.3,,,,16.9,17.6,0.7,0.4,0.4
548,frame_0548.jpg,,174.5,,173.1,33.8,15.3,18.4,,0.3
549,frame_0549.jpg,,,,172.7,29.8,1.6,28.2,,
550,frame_0550.jpg,,,,,39.4,4.9,34.5,,
551,frame_0551.jpg,,12.2,,,51.8,3.2,48.6,,0.2
552,frame_0552.jpg,23.1,25.5,,,53.6,11.7,41.9,0.2,0.2
553,frame_0553.jpg,150.4,97.6,,162.1,45.3,25.3,20.0,0.2,0.1
554,frame_0554.jpg,142.4,,167.5,171.9,10.2,5.3,4.9,0.3,0.3
555,frame_0555.jpg,101.7,162.3,138.5,170.6,150.7,56.1,94.5,0.3,0.4
556,frame_0556.jpg,111.1,,,,168.1,176.2,8.0,0.3,
557,frame_0557.jpg,,,,,,26.4,,,
558,frame_0558.jpg,,,,,,,,,
559,frame_0559.jpg,,,,,,,,,
560,frame_0560.jpg,,,,,,,,,
561,frame_0561.jpg,,,,,,,,,
562,frame_0562.jpg,,,,,,,,,
563,frame_0563.jpg,,,,,15.0,5.2,9.8,,
564,frame_0564.jpg,79.4,156.6,,,46.1,100.2,54.1,0.1,0.3
565,frame_0565.jpg,83.7,141.2,,,124.7,152.1,27.4,0.2,0.2
566,frame_0566.jpg,84.9,,,,11.5,170.9,159.4,0.2,0.2
567,frame_0567.jpg,89.0,,,,129.6,129.7,0.1,0.2,0.2
568,frame_0568.jpg,90.2,82.4,,166.1,27.8,112.2,84.3,0.2,0.2
569,frame_0569.jpg,84.9,92.8,164.6,174.1,74.2,22.1,52.0,0.2,0.2
570,frame_0570.jpg,93.1,83.4,167.3,175.2,99.7,11.2,88.5,0.2,0.2
571,frame_0571.jpg,94.9,85.1,,179.8,130.5,31.1,99.3,0.2,0.3
572,frame_0572.jpg,110.5,80.8,160.0,178.7,114.7,78.7,36.0,0.3,0.3
573,frame_0573.jpg,101.5,80.6,,178.8,122.0,51.1,70.8,0.3,0.3
574,frame_0574.jpg,93.8,68.1,,177.6,121.0,166.7,45.7,0.2,0.3
575,frame_0575.jpg,96.3,,161.3,174.6,125.3,178.7,53.4,0.2,0.3
576,frame_0576.jpg,99.3,86.1,161.7,174.3,126.0,179.0,53.0,0.3,0.3
577,frame_0577.jpg,100.8,,160.7,175.0,126.8,179.2,52.5,0.3,0.3
578,frame_0578.jpg,94.4,,161.4,174.7,126.8,176.9,50.1,0.3,0.3
579,frame_0579.jpg,91.9,,161.0,175.5,124.8,175.8,51.0,0.2,0.3
580,frame_0580.jpg,89.2,,161.2,174.9,123.5,177.9,54.5,0.2,0.3
581,frame_0581.jpg,96.6,96.1,,174.9,124.5,173.6,49.1,0.2,0.3
582,frame_0582.jpg,98.1,89.6,162.4,175.3,128.2,171.6,43.4,0.2,0.3
583,frame_0583.jpg,99.0,87.9,164.8,176.9,131.9,176.4,44.5,0.2,0.3
584,frame_0584.jpg,97.2,90.8,,174.0,132.9,179.1,46.2,0.2,0.3
585,frame_0585.jpg,99.5,75.9,,174.9,131.7,168.1,36.4,0.2,0.3
586,frame_0586.jpg,104.2,77.0,,173.4,126.7,165.9,39.2,0.2,0.3
587,frame_0587.jpg,108.3,,152.8,175.9,120.8,170.4,49.7,0.2,0.3
588,frame_0588.jpg,117.6,,143.0,176.4,128.3,167.6,39.4,0.3,0.3
589,frame_0589.jpg,116.8,,140.0,177.3,120.0,144.2,24.1,0.3,0.3
590,frame_0590.jpg,119.1,,139.1,174.7,123.0,22.4,100.6,0.3,0.3
591,frame_0591.jpg,117.2,79.2,177.7,177.8,125.8,176.0,50.2,0.3,0.3
592,frame_0592.jpg,107.3,,176.3,,138.9,160.6,21.8,0.3,0.3
593,frame_0593.jpg,107.7,,177.2,140.3,126.7,157.3,30.5,0.3,0.3
594,frame_0594.jpg,108.9,,177.6,140.0,123.6,165.2,41.5,0.3,0.3
595,frame_0595.jpg,109.0,102.1,176.3,140.6,118.0,160.7,42.7,0.3,0.3
596,frame_0596.jpg,111.1,77.2,136.3,172.2,124.3,162.6,38.3,0.3,0.3
597,frame_0597.jpg,107.4,,134.1,173.2,117.1,28.8,88.3,0.3,
598,frame_0598.jpg,117.5,,,169.8,37.9,23.9,14.0,0.3,0.3
599,frame_0599.jpg,117.1,,,170.4,51.5,19.8,31.7,0.3,
600,frame_0600.jpg,118.9,145.1,,171.6,50.3,12.2,38.2,0.2,0.2
601,frame_0601.jpg,107.6,142.7,,174.0,79.3,15.2,64.1,0.2,0.2
602,frame_0602.jpg,138.5,170.2,,174.2,78.1,8.7,69.4,0.3,0.3
603,frame_0603.jpg,165.6,163.6,179.4,178.2,147.2,12.5,134.7,0.5,0.5
604,frame_0604.jpg,154.3,172.4,,173.6,33.1,2.1,31.0,0.2,0.4
605,frame_0605.jpg,168.9,,,172.7,23.5,0.5,23.0,0.4,
606,frame_0606.jpg,,,,162.5,45.8,3.6,42.2,,
607,frame_0607.jpg,,13.9,,149.0,49.2,1.2,48.0,,0.2
608,frame_0608.jpg,30.6,26.5,,149.2,53.1,1.6,51.5,0.2,0.2
609,frame_0609.jpg,163.9,,116.6,169.6,164.5,39.4,125.1,0.2,
610,frame_0610.jpg,137.5,,171.1,172.9,,178.6,,0.3,
611,frame_0611.jpg,,,,155.6,,49.4,,,
612,frame_0612.jpg,73.6,,,,,166.6,,0.2,
613,frame_0613.jpg,36.5,,,,160.4,159.9,0.5,0.2,
614,frame_0614.jpg,4.4,,,,165.1,,,0.2,0.1
615,frame_0615.jpg,66.1,,,,,,,0.2,
616,frame_0616.jpg,,,,,,,,,
617,frame_0617.jpg,,,,,,,,,
618,frame_0618.jpg,,,,,,,,,
619,frame_0619.jpg,,,,,,,,,
620,frame_0620.jpg,,,,,,162.6,,,
621,frame_0621.jpg,33.5,,,,153.4,164.4,11.0,0.0,0.4
622,frame_0622.jpg,45.6,,,,159.7,168.3,8.7,0.1,0.0
623,frame_0623.jpg,52.9,,,,161.6,163.9,2.2,0.1,0.1
624,frame_0624.jpg,56.0,166.5,,162.4,130.0,126.2,3.9,0.1,0.4
625,frame_0625.jpg,59.4,143.4,,168.9,76.7,17.1,59.6,0.2,0.4
626,frame_0626.jpg,75.0,108.1,,179.0,127.8,142.7,14.9,0.2,0.3
627,frame_0627.jpg,95.5,117.1,138.9,179.1,142.4,174.5,32.1,0.3,0.3
628,frame_0628.jpg,115.3,,170.1,179.8,61.3,172.2,110.8,0.3,0.3
629,frame_0629.jpg,122.4,,,176.2,45.8,147.2,101.4,0.3,0.3
630,frame_0630.jpg,105.7,145.1,,168.4,12.4,23.6,11.3,0.1,0.2
631,frame_0631.jpg,116.6,138.2,,174.0,15.0,24.1,9.1,0.2,0.2
632,frame_0632.jpg,150.4,179.5,,173.6,32.2,28.9,3.2,0.3,0.3
633,frame_0633.jpg,146.8,176.2,,171.8,24.9,11.0,13.9,0.3,0.3
634,frame_0634.jpg,,,,170.8,30.4,2.2,28.2,,0.3
635,frame_0635.jpg,,,,171.4,37.2,0.1,37.1,,
636,frame_0636.jpg,,,,160.9,52.9,2.8,50.1,,
637,frame_0637.jpg,,20.3,,149.6,58.3,7.1,51.2,,0.2
638,frame_0638.jpg,27.9,37.8,,150.6,60.6,12.7,48.0,0.2,0.2
639,frame_0639.jpg,151.4,,159.0,165.4,,24.8,,0.3,0.3
640,frame_0640.jpg,113.9,176.8,168.9,172.5,167.9,163.3,4.5,0.3,0.3
641,frame_0641.jpg,111.1,157.1,176.4,161.3,170.0,134.1,35.9,0.4,0.3
642,frame_0642.jpg,99.8,,,,176.0,165.5,10.5,0.3,
643,frame_0643.jpg,51.1,,,,179.2,163.8,15.4,0.2,
644,frame_0644.jpg,,,,,,152.1,,,
645,frame_0645.jpg,,,,,,,,,
646,frame_0646.jpg,,,151.7,163.4,,162.3,,,
647,frame_0647.jpg,32.6,169.3,,,161.9,176.7,14.8,0.1,0.5
648,frame_0648.jpg,43.2,120.1,,,162.9,161.6,1.3,0.1,0.1
649,frame_0649.jpg,55.9,115.3,,,170.1,171.2,1.1,0.1,0.1
650,frame_0650.jpg,60.6,172.5,,,175.3,177.8,2.5,0.2,0.5
651,frame_0651.jpg,64.9,169.9,,,164.0,174.0,9.9,0.2,0.4
652,frame_0652.jpg,75.2,162.7,,169.9,164.5,179.8,15.3,0.2,0.4
653,frame_0653.jpg,78.7,128.0,160.1,176.6,155.0,176.8,21.8,0.2,0.3
654,frame_0654.jpg,100.4,105.0,,180.0,163.7,156.2,7.6,0.3,0.3
655,frame_0655.jpg,113.9,99.2,138.7,177.6,96.1,167.6,71.4,0.3,0.3
656,frame_0656.jpg,127.1,,,177.8,40.2,162.0,121.8,0.3,0.3
657,frame_0657.jpg,115.1,132.1,131.5,178.1,4.3,160.6,156.3,0.2,0.2
658,frame_0658.jpg,109.4,135.8,,175.9,0.6,159.1,158.6,0.2,0.2
659,frame_0659.jpg,134.1,167.5,,175.6,4.1,158.9,154.8,0.3,0.3
660,frame_0660.jpg,163.6,177.1,,,3.7,35.6,31.9,0.4,0.4
661,frame_0661.jpg,154.6,178.1,,171.9,27.0,0.6,26.4,0.3,0.3
662,frame_0662.jpg,,,,173.6,35.8,0.6,35.2,,
663,frame_0663.jpg,,,,166.7,38.4,9.7,28.6,,
664,frame_0664.jpg,,10.8,,156.0,45.4,0.6,44.9,,0.2
665,frame_0665.jpg,,31.5,,146.4,48.3,0.9,47.4,,0.2
666,frame_0666.jpg,,82.0,,163.2,14.3,23.4,9.1,0.4,0.1
667,frame_0667.jpg,134.0,,169.9,175.0,,25.7,,0.3,
668,frame_0668.jpg,51.9,,,160.3,15.9,37.5,21.6,0.2,
669,frame_0669.jpg,89.4,178.7,141.6,63.7,167.8,148.7,19.1,0.3,0.4
670,frame_0670.jpg,82.9,,141.6,90.2,158.6,148.9,9.7,0.3,
671,frame_0671.jpg,84.6,153.9,158.0,121.2,174.0,154.7,19.3,0.3,0.4
672,frame_0672.jpg,71.9,150.3,143.6,143.8,159.9,160.1,0.3,0.2,0.3
673,frame_0673.jpg,71.8,,,179.4,176.7,171.1,5.6,0.2,0.4
674,frame_0674.jpg,163.0,143.8,,165.7,26.0,0.3,25.7,0.4,0.3
675,frame_0675.jpg,155.6,129.4,,171.4,12.8,4.4,8.4,0.4,0.3
676,frame_0676.jpg,159.9,131.8,,170.1,13.2,1.5,11.7,0.3,0.3
677,frame_0677.jpg,44.0,141.5,,169.9,16.0,1.3,14.7,0.2,0.4
678,frame_0678.jpg,81.6,141.0,,172.6,22.1,25.0,2.9,0.2,0.3
679,frame_0679.jpg,90.6,128.4,146.9,178.2,25.2,160.9,135.8,0.2,0.4
680,frame_0680.jpg,97.3,,130.3,177.5,29.1,166.2,137.1,0.3,0.4
681,frame_0681.jpg,94.1,,,171.0,93.4,5.0,88.4,0.2,0.3
682,frame_0682.jpg,85.1,111.1,176.7,145.4,114.0,165.1,51.1,0.2,0.3
683,frame_0683.jpg,83.1,123.4,144.1,174.6,127.6,169.2,41.6,0.2,0.3
684,frame_0684.jpg,75.4,102.4,178.7,149.2,140.9,176.0,35.1,0.2,0.3
685,frame_0685.jpg,77.4,98.1,176.7,,128.9,179.1,50.2,0.2,0.3
686,frame_0686.jpg,92.3,122.8,175.2,146.0,138.7,179.4,40.7,0.2,0.3
687,frame_0687.jpg,117.1,121.1,140.8,145.3,139.8,169.1,29.4,0.3,0.3
688,frame_0688.jpg,118.4,136.4,135.5,178.2,56.0,175.2,119.1,0.3,0.3
689,frame_0689.jpg,107.3,140.4,137.7,178.0,87.2,164.6,77.5,0.2,0.2
690,frame_0690.jpg,108.3,150.6,140.1,175.9,79.8,166.9,87.1,0.1,0.2
691,frame_0691.jpg,134.9,172.2,,173.6,98.3,37.6,60.7,0.3,0.2
692,frame_0692.jpg,164.2,179.4,,173.9,118.2,164.0,45.8,0.4,0.4
693,frame_0693.jpg,145.6,177.2,,172.9,40.3,6.7,33.5,0.2,0.3
694,frame_0694.jpg,,,,172.0,11.9,2.1,9.8,0.4,0.3
695,frame_0695.jpg,,,,167.3,22.0,3.5,18.4,,
696,frame_0696.jpg,,,,167.5,21.0,13.0,8.0,,
697,frame_0697.jpg,,,,168.6,46.5,9.8,36.7,,
698,frame_0698.jpg,,68.3,,175.2,155.5,93.9,61.6,,0.2
699,frame_0699.jpg,,79.4,,178.3,153.8,174.1,20.4,,0.2
700,frame_0700.jpg,,,141.8,178.4,150.8,163.1,12.4,,0.3
701,frame_0701.jpg,,125.9,,169.4,17.4,6.1,11.3,0.4,0.4
702,frame_0702.jpg,,,142.0,177.6,125.4,155.3,29.9,,0.3
703,frame_0703.jpg,124.0,,,169.3,62.2,17.8,44.4,0.0,0.4
704,frame_0704.jpg,107.5,148.8,,171.7,61.4,26.9,34.5,0.1,0.3
705,frame_0705.jpg,110.3,130.0,,173.6,58.4,32.0,26.4,0.2,0.3
706,frame_0706.jpg,126.0,127.9,,172.8,49.4,32.5,16.9,0.3,0.3
707,frame_0707.jpg,138.7,,134.4,176.7,12.2,51.1,38.9,0.4,0.3
708,frame_0708.jpg,142.6,160.1,133.7,177.3,30.7,179.6,148.9,0.4,0.4
709,frame_0709.jpg,139.0,163.1,132.7,179.6,81.3,169.1,87.9,0.4,0.4
710,frame_0710.jpg,135.9,168.5,172.8,135.9,26.3,178.6,152.3,0.3,0.3
711,frame_0711.jpg,134.3,,134.1,168.0,34.0,45.1,11.1,0.2,
712,frame_0712.jpg,137.4,,172.6,139.6,36.2,178.5,142.3,0.1,0.1
713,frame_0713.jpg,126.1,175.6,136.6,179.5,34.7,177.9,143.1,0.1,0.2
714,frame_0714.jpg,154.2,,,177.1,16.3,170.7,154.4,0.3,
715,frame_0715.jpg,165.6,169.0,,,8.0,167.2,159.2,0.5,0.4
716,frame_0716.jpg,159.0,,,173.8,24.0,5.8,18.3,0.3,
717,frame_0717.jpg,,,,,,,,,
718,frame_0718.jpg,,,,169.5,29.7,2.5,27.2,0.3,
719,frame_0719.jpg,,,,164.3,52.8,5.6,47.2,,
720,frame_0720.jpg,,31.3,,151.1,40.6,12.9,27.7,,0.2
721,frame_0721.jpg,127.5,,,169.6,2.8,32.7,29.9,0.2,
722,frame_0722.jpg,96.4,,92.1,171.2,179.8,179.2,0.6,0.3,
723,frame_0723.jpg,91.2,,,152.1,105.4,176.2,70.9,0.4,0.4
724,frame_0724.jpg,100.4,,,143.3,179.1,164.3,14.8,0.4,0.4
725,frame_0725.jpg,100.9,,,,,160.6,,0.3,
726,frame_0726.jpg,114.5,,,143.8,153.7,159.5,5.8,0.3,0.5
727,frame_0727.jpg,87.9,,,169.0,171.1,164.2,6.9,0.3,
728,frame_0728.jpg,46.0,161.7,,164.8,135.6,38.3,97.3,0.1,0.4
729,frame_0729.jpg,22.5,,,179.2,20.6,179.1,158.5,0.1,
730,frame_0730.jpg,26.8,,158.1,174.7,82.4,170.2,87.8,0.1,
731,frame_0731.jpg,56.3,,157.2,167.6,61.2,35.0,26.2,0.2,
732,frame_0732.jpg,81.6,103.5,,171.4,47.5,38.0,9.5,0.2,0.2
733,frame_0733.jpg,92.7,96.5,,163.1,14.5,168.1,153.6,0.2,0.2
734,frame_0734.jpg,89.1,163.5,,160.2,44.2,34.2,10.0,0.2,0.4
735,frame_0735.jpg,86.4,,,170.7,46.6,14.6,32.0,0.2,0.2
736,frame_0736.jpg,86.3,,,175.1,54.6,13.5,41.1,0.2,0.2
737,frame_0737.jpg,89.9,,,175.9,50.4,0.6,49.8,0.2,
738,frame_0738.jpg,99.2,,,175.9,57.6,3.6,54.0,0.2,0.2
739,frame_0739.jpg,109.3,163.2,,175.8,66.4,2.5,63.9,0.2,0.4
740,frame_0740.jpg,109.0,178.9,,175.3,41.3,0.1,41.1,0.3,0.4
741,frame_0741.jpg,106.9,,,176.7,126.7,10.3,116.4,0.3,0.3
742,frame_0742.jpg,104.5,,,176.7,116.9,3.8,113.1,0.3,0.4
743,frame_0743.jpg,108.9,,,176.3,125.1,0.3,124.7,0.3,0.3
744,frame_0744.jpg,109.9,,,176.0,119.3,4.4,114.8,0.3,0.4
745,frame_0745.jpg,118.0,,,175.0,116.1,2.3,113.8,0.3,0.2
746,frame_0746.jpg,114.9,,,174.9,123.1,6.5,116.6,0.2,
747,frame_0747.jpg,113.3,,,174.5,114.6,5.3,109.2,0.2,0.2
748,frame_0748.jpg,107.9,,,174.8,114.9,4.3,110.6,0.2,0.3
749,frame_0749.jpg,110.5,,,174.0,116.7,2.6,114.1,0.2,0.3
750,frame_0750.jpg,111.9,,141.8,175.0,110.3,13.6,96.6,0.3,0.3
751,frame_0751.jpg,127.0,110.4,138.7,175.1,128.2,171.8,43.7,0.3,0.3
752,frame_0752.jpg,138.2,124.9,171.3,142.7,147.7,178.5,30.9,0.4,0.3
753,frame_0753.jpg,146.1,149.6,133.1,178.5,152.9,180.0,27.1,0.4,0.4
754,frame_0754.jpg,147.6,156.2,133.8,179.9,161.0,174.5,13.5,0.4,0.4
755,frame_0755.jpg,147.8,162.1,168.3,179.3,164.2,168.6,4.4,0.4,0.4
756,frame_0756.jpg,149.1,160.8,168.7,141.5,166.4,168.0,1.6,0.4,0.4
757,frame_0757.jpg,147.0,,132.6,179.0,22.8,176.3,153.4,0.3,0.3
758,frame_0758.jpg,132.6,165.8,135.0,178.9,24.8,172.9,148.1,0.2,0.2
759,frame_0759.jpg,130.1,162.8,136.7,179.8,18.9,170.5,151.6,0.2,0.2
760,frame_0760.jpg,151.4,170.9,176.6,175.3,51.1,177.6,126.5,0.3,0.3
761,frame_0761.jpg,159.6,174.9,,172.6,32.2,36.7,4.5,0.5,0.4
762,frame_0762.jpg,154.5,,,172.1,16.5,11.3,5.2,0.4,
763,frame_0763.jpg,,,,171.8,16.6,11.9,4.7,,
764,frame_0764.jpg,,162.2,,168.2,9.5,11.5,2.1,,0.3
765,frame_0765.jpg,,7.2,,163.4,47.1,9.3,37.8,,0.2
766,frame_0766.jpg,,22.4,,,52.6,7.0,45.5,,0.2
767,frame_0767.jpg,,34.5,,152.2,56.0,3.1,52.9,,0.2
768,frame_0768.jpg,170.7,,,170.4,1.5,19.0,17.5,0.4,
769,frame_0769.jpg,122.1,,168.4,170.8,,168.4,,0.2,
770,frame_0770.jpg,97.1,,,148.1,23.2,25.8,2.6,0.4,0.4
771,frame_0771.jpg,120.0,179.7,,138.2,173.3,159.4,13.9,0.3,0.5
772,frame_0772.jpg,118.6,,,,148.9,165.4,16.5,0.3,
773,frame_0773.jpg,112.2,,,,172.0,161.8,10.2,0.3,0.4
774,frame_0774.jpg,116.6,,,,,162.8,,0.3,
775,frame_0775.jpg,118.8,,,,,,,0.3,
776,frame_0776.jpg,,,176.0,,,,,,
777,frame_0777.jpg,,,,,,,,,
778,frame_0778.jpg,,,,,,,,,
779,frame_0779.jpg,,,,,,,,,
780,frame_0780.jpg,,,,,,,,,
781,frame_0781.jpg,,,,,,,,,
782,frame_0782.jpg,,,,,,,,,
783,frame_0783.jpg,,,,,,,,,
784,frame_0784.jpg,,,,,,,,,
785,frame_0785.jpg,,,,,,,,,
786,frame_0786.jpg,,,,,,,,,
787,frame_0787.jpg,,,,,,,,,
788,frame_0788.jpg,,,,,,,,,
789,frame_0789.jpg,,,,,,,,,
790,frame_0790.jpg,,,,,,,,,
791,frame_0791.jpg,,,,,,,,,
792,frame_0792.jpg,,,,,,,,,
793,frame_0793.jpg,,,,,,,,,
794,frame_0794.jpg,,,,,,,,,
795,frame_0795.jpg,,,,,,,,,
796,frame_0796.jpg,,,,,,,,,
797,frame_0797.jpg,,,,,,,,,
798,frame_0798.jpg,,,,,,,,,
799,frame_0799.jpg,,,,,,,,,
800,frame_0800.jpg,,,,,,,,,
801,frame_0801.jpg,,,,,,,,,
802,frame_0802.jpg,,,,,,,,,
803,frame_0803.jpg,,,,,,,,,
804,frame_0804.jpg,,,,,,,,,
805,frame_0805.jpg,,,,,,,,,
806,frame_0806.jpg,,,,,,,,,
807,frame_0807.jpg,,,,,,,,,
808,frame_0808.jpg,,,,,,,,,
809,frame_0809.jpg,,,,,,,,,
810,frame_0810.jpg,,,,,,,,,
811,frame_0811.jpg,,,,,,,,,
812,frame_0812.jpg,,,,,,,,,
813,frame_0813.jpg,,,,,,,,,
814,frame_0814.jpg,,,,,,,,,
815,frame_0815.jpg,,,,,,,,,
816,frame_0816.jpg,,,,,,,,,
817,frame_0817.jpg,,,,,,,,,
818,frame_0818.jpg,,,,,,,,,
819,frame_0819.jpg,,,,,,,,,
820,frame_0820.jpg,,,,,,,,,
821,frame_0821.jpg,,,,,,,,,
822,frame_0822.jpg,,,,,,,,,
823,frame_0823.jpg,,,,,,,,,
824,frame_0824.jpg,,,,,,,,,
825,frame_0825.jpg,,,,,,,,,
826,frame_0826.jpg,,,,,,,,,
827,frame_0827.jpg,,,,,,,,,
