frame_num,frame_path,head_x,head_y,head_conf,neck_x,neck_y,neck_conf,left_shoulder_x,left_shoulder_y,left_shoulder_conf,right_shoulder_x,right_shoulder_y,right_shoulder_conf,left_elbow_x,left_elbow_y,left_elbow_conf,right_elbow_x,right_elbow_y,right_elbow_conf,left_wrist_x,left_wrist_y,left_wrist_conf,right_wrist_x,right_wrist_y,right_wrist_conf,left_hip_x,left_hip_y,left_hip_conf,right_hip_x,right_hip_y,right_hip_conf,left_knee_x,left_knee_y,left_knee_conf,right_knee_x,right_knee_y,right_knee_conf,left_ankle_x,left_ankle_y,left_ankle_conf,right_ankle_x,right_ankle_y,right_ankle_conf,root_x,root_y,root_conf
1,frame_0001.jpg,,,,,,,,,,,,,,,,,,,,,,,,,,,,,,,,,,,,,,,,,,,,,
2,frame_0002.jpg,,,,,,,,,,,,,,,,,,,,,,,,,,,,,,,,,,,,,,,,,,,,,
3,frame_0003.jpg,,,,,,,,,,,,,,,,,,,,,,,,,,,,,,,,,,,,,,,,,,,,,
4,frame_0004.jpg,,,,,,,,,,,,,,,,,,,,,,,,,,,,,,,,,,,,,,,,,,,,,
5,frame_0005.jpg,,,,,,,,,,,,,,,,,,,,,,,,,,,,,,,,,,,,,,,,,,,,,
6,frame_0006.jpg,,,,,,,,,,,,,,,,,,,,,,,,,,,,,,,,,,,,,,,,,,,,,
7,frame_0007.jpg,,,,,,,,,,,,,,,,,,,,,,,,,,,,,,,,,,,,,,,,,,,,,
8,frame_0008.jpg,,,,,,,,,,,,,,,,,,,,,,,,,,,,,,,,,,,,,,,,,,,,,
9,frame_0009.jpg,,,,,,,,,,,,,,,,,,,,,,,,,,,,,,,,,,,,,,,,,,,,,
10,frame_0010.jpg,,,,,,,,,,,,,,,,,,,,,,,,,,,,,,,,,,,,,,,,,,,,,
11,frame_0011.jpg,,,,,,,,,,,,,,,,,,,,,,,,,,,,,,,,,,,,,,,,,,,,,
12,frame_0012.jpg,,,,,,,,,,,,,,,,,,,,,,,,,,,,,,,,,,,,,,,,,,,,,
13,frame_0013.jpg,,,,,,,,,,,,,,,,,,,,,,,,,,,,,,,,,,,,,,,,,,,,,
14,frame_0014.jpg,,,,,,,,,,,,,,,,,,,,,,,,,,,,,,,,,,,,,,,,,,,,,
15,frame_0015.jpg,,,,,,,,,,,,,,,,,,,,,,,,,,,,,,,,,,,,,,,,,,,,,
16,frame_0016.jpg,,,,,,,,,,,,,,,,,,,,,,,,,,,,,,,,,,,,,,,,,,,,,
17,frame_0017.jpg,,,,,,,,,,,,,,,,,,,,,,,,,,,,,,,,,,,,,,,,,,,,,
18,frame_0018.jpg,,,,,,,,,,,,,,,,,,,,,,,,,,,,,,,,,,,,,,,,,,,,,
19,frame_0019.jpg,,,,,,,,,,,,,,,,,,,,,,,,,,,,,,,,,,,,,,,,,,,,,
20,frame_0020.jpg,,,,,,,,,,,,,,,,,,,,,,,,,,,,,,,,,,,,,,,,,,,,,
21,frame_0021.jpg,,,,,,,,,,,,,,,,,,,,,,,,,,,,,,,,,,,,,,,,,,,,,
22,frame_0022.jpg,,,,,,,,,,,,,,,,,,,,,,,,,,,,,,,,,,,,,,,,,,,,,
23,frame_0023.jpg,,,,,,,,,,,,,,,,,,,,,,,,,,,,,,,,,,,,,,,,,,,,,
24,frame_0024.jpg,,,,,,,,,,,,,,,,,,,,,,,,,,,,,,,,,,,,,,,,,,,,,
25,frame_0025.jpg,,,,,,,,,,,,,,,,,,,,,,,,,,,,,,,,,,,,,,,,,,,,,
26,frame_0026.jpg,,,,,,,,,,,,,,,,,,,,,,,,,,,,,,,,,,,,,,,,,,,,,
27,frame_0027.jpg,,,,,,,,,,,,,,,,,,,,,,,,,,,,,,,,,,,,,,,,,,,,,
28,frame_0028.jpg,,,,,,,,,,,,,,,,,,,,,,,,,,,,,,,,,,,,,,,,,,,,,
29,frame_0029.jpg,,,,,,,,,,,,,,,,,,,,,,,,,,,,,,,,,,,,,,,,,,,,,
30,frame_0030.jpg,0.9580,0.8760,0.852,0.4824,0.8741,0.286,0.0000,1.0000,0.000,0.9648,0.7483,0.571,0.0000,1.0000,0.000,0.9641,0.5276,0.408,0.0000,1.0000,0.000,0.8992,0.4848,0.703,0.0000,1.0000,0.000,0.9636,0.3445,0.299,0.9746,0.0663,0.122,0.9491,0.0712,0.327,0.0000,1.0000,0.000,0.0000,1.0000,0.000,0.4818,0.6722,0.150
31,frame_0031.jpg,0.8970,0.8707,0.887,0.9662,0.7387,0.464,0.9757,0.7361,0.574,0.9567,0.7413,0.354,0.0000,1.0000,0.000,0.9344,0.5597,0.158,0.9828,0.2572,0.403,0.8888,0.4972,0.531,0.9698,0.3516,0.129,0.9476,0.3635,0.177,0.9246,0.0877,0.261,0.0000,1.0000,0.000,0.0000,1.0000,0.000,0.0000,1.0000,0.000,0.9587,0.3575,0.153
32,frame_0032.jpg,0.8517,0.8676,0.903,0.9260,0.7362,0.524,0.9063,0.7345,0.681,0.9458,0.7379,0.368,0.8130,0.5289,0.731,0.0000,1.0000,0.000,0.6912,0.4866,0.744,0.8683,0.5009,0.204,0.9344,0.3277,0.431,0.9700,0.3366,0.138,0.8849,0.0458,0.389,0.9298,0.0563,0.240,0.0000,1.0000,0.000,0.0000,1.0000,0.000,0.9522,0.3322,0.285
33,frame_0033.jpg,0.8097,0.8886,0.852,0.4218,0.8800,0.271,0.8437,0.7600,0.541,0.0000,1.0000,0.000,0.7120,0.6318,0.811,0.9764,0.5678,0.593,0.6345,0.7525,0.810,0.0000,1.0000,0.000,0.8791,0.3195,0.410,0.9544,0.3287,0.482,0.8340,0.0432,0.148,0.9278,0.0551,0.610,0.0000,1.0000,0.000,0.0000,1.0000,0.000,0.9168,0.3241,0.446
34,frame_0034.jpg,0.7859,0.9039,0.885,0.8610,0.7655,0.701,0.8022,0.7796,0.692,0.9198,0.7514,0.710,0.7084,0.5936,0.816,0.9496,0.5520,0.692,0.6419,0.6656,0.815,0.0000,1.0000,0.000,0.8309,0.3035,0.368,0.9231,0.3202,0.479,0.7997,0.0417,0.217,0.9064,0.0444,0.545,0.0000,1.0000,0.000,0.0000,1.0000,0.000,0.8770,0.3119,0.423
35,frame_0035.jpg,0.7903,0.9176,0.847,0.8671,0.7759,0.647,0.8119,0.7941,0.645,0.9222,0.7577,0.650,0.7566,0.5556,0.805,0.9388,0.5490,0.481,0.7138,0.5636,0.734,0.0000,1.0000,0.000,0.8215,0.3067,0.319,0.9118,0.3201,0.391,0.7890,0.0359,0.146,0.8793,0.0377,0.245,0.0000,1.0000,0.000,0.0000,1.0000,0.000,0.8666,0.3134,0.355
36,frame_0036.jpg,0.8125,0.9260,0.683,0.8944,0.7781,0.664,0.8431,0.8075,0.697,0.9458,0.7486,0.630,0.8022,0.5444,0.761,0.0000,1.0000,0.000,0.7477,0.5464,0.681,0.7657,0.5596,0.152,0.8438,0.3230,0.287,0.9401,0.3190,0.366,0.7764,0.0405,0.103,0.0000,1.0000,0.000,0.0000,1.0000,0.000,0.0000,1.0000,0.000,0.8920,0.3210,0.326
37,frame_0037.jpg,0.8246,0.9298,0.737,0.9040,0.8108,0.507,0.8675,0.8230,0.717,0.9405,0.7986,0.297,0.8193,0.5462,0.749,0.0000,1.0000,0.000,0.7716,0.5309,0.664,0.0000,1.0000,0.000,0.8689,0.3241,0.243,0.9714,0.3174,0.198,0.7546,0.0438,0.240,0.0000,1.0000,0.000,0.0000,1.0000,0.000,0.0000,1.0000,0.000,0.9201,0.3208,0.220
38,frame_0038.jpg,0.8216,0.9443,0.691,0.9085,0.8183,0.518,0.8598,0.8317,0.669,0.9573,0.8049,0.367,0.8216,0.5541,0.673,0.0000,1.0000,0.000,0.7854,0.4932,0.709,0.0000,1.0000,0.000,0.8819,0.3395,0.260,0.9717,0.3517,0.126,0.0000,1.0000,0.000,0.0000,1.0000,0.000,0.0000,1.0000,0.000,0.0000,1.0000,0.000,0.9268,0.3456,0.193
39,frame_0039.jpg,0.7960,0.9247,0.776,0.9022,0.8082,0.533,0.8351,0.8144,0.635,0.9692,0.8020,0.432,0.7886,0.4688,0.750,0.0000,1.0000,0.000,0.0000,1.0000,0.000,0.0000,1.0000,0.000,0.8896,0.2840,0.205,0.0000,1.0000,0.000,0.0000,1.0000,0.000,0.0000,1.0000,0.000,0.0000,1.0000,0.000,0.0000,1.0000,0.000,0.4448,0.6420,0.102
40,frame_0040.jpg,0.8168,0.9294,0.771,0.9068,0.8190,0.576,0.8448,0.8261,0.689,0.9688,0.8118,0.464,0.8050,0.5111,0.715,0.0000,1.0000,0.000,0.8022,0.4138,0.657,0.0000,1.0000,0.000,0.8958,0.2834,0.208,0.0000,1.0000,0.000,0.0000,1.0000,0.000,0.0000,1.0000,0.000,0.0000,1.0000,0.000,0.0000,1.0000,0.000,0.4479,0.6417,0.104
41,frame_0041.jpg,0.8290,0.9202,0.796,0.4293,0.9081,0.326,0.8585,0.8162,0.652,0.0000,1.0000,0.000,0.8183,0.4815,0.769,0.0000,1.0000,0.000,0.8518,0.3353,0.288,0.0000,1.0000,0.000,0.9018,0.2370,0.182,0.0000,1.0000,0.000,0.0000,1.0000,0.000,0.0000,1.0000,0.000,0.0000,1.0000,0.000,0.0000,1.0000,0.000,0.4509,0.6185,0.091
42,frame_0042.jpg,0.8349,0.9042,0.635,0.9091,0.8004,0.431,0.8348,0.8062,0.666,0.9835,0.7946,0.197,0.8055,0.4911,0.815,0.0000,1.0000,0.000,0.0000,1.0000,0.000,0.0000,1.0000,0.000,0.9050,0.2806,0.167,0.0000,1.0000,0.000,0.0000,1.0000,0.000,0.0000,1.0000,0.000,0.0000,1.0000,0.000,0.0000,1.0000,0.000,0.4525,0.6403,0.083
43,frame_0043.jpg,0.8575,0.8729,0.430,0.9115,0.7820,0.403,0.8404,0.7786,0.638,0.9827,0.7855,0.169,0.7801,0.5285,0.785,0.0000,1.0000,0.000,0.8583,0.5103,0.301,0.0000,1.0000,0.000,0.8791,0.1421,0.133,0.0000,1.0000,0.000,0.0000,1.0000,0.000,0.0000,1.0000,0.000,0.0000,1.0000,0.000,0.0000,1.0000,0.000,0.4395,0.5710,0.067
44,frame_0044.jpg,0.8869,0.8590,0.268,0.4330,0.8734,0.271,0.8661,0.7467,0.542,0.0000,1.0000,0.000,0.7220,0.6409,0.655,0.0000,1.0000,0.000,0.6764,0.6054,0.736,0.0000,1.0000,0.000,0.8796,0.1168,0.127,0.0000,1.0000,0.000,0.0000,1.0000,0.000,0.0000,1.0000,0.000,0.0000,1.0000,0.000,0.0000,1.0000,0.000,0.4398,0.5584,0.064
45,frame_0045.jpg,0.9098,0.8332,0.502,0.4629,0.8915,0.302,0.9258,0.7829,0.603,0.0000,1.0000,0.000,0.8481,0.7249,0.331,0.0000,1.0000,0.000,0.6827,0.7564,0.765,0.0000,1.0000,0.000,0.9138,0.2197,0.165,0.9805,0.2150,0.115,0.0000,1.0000,0.000,0.0000,1.0000,0.000,0.0000,1.0000,0.000,0.0000,1.0000,0.000,0.9471,0.2174,0.140
46,frame_0046.jpg,0.9215,0.9166,0.832,0.9555,0.8252,0.293,0.9773,0.8756,0.439,0.9338,0.7748,0.146,0.9753,0.7407,0.263,0.0000,1.0000,0.000,0.8403,0.8276,0.816,0.8134,0.8295,0.133,0.9541,0.2591,0.198,0.9140,0.2823,0.153,0.0000,1.0000,0.000,0.0000,1.0000,0.000,0.0000,1.0000,0.000,0.0000,1.0000,0.000,0.9340,0.2707,0.176
47,frame_0047.jpg,0.9308,0.9605,0.882,0.4762,0.8851,0.206,0.0000,1.0000,0.000,0.9524,0.7701,0.412,0.0000,1.0000,0.000,0.8526,0.7157,0.796,0.9404,0.8425,0.562,0.7821,0.8468,0.738,0.0000,1.0000,0.000,0.9358,0.3255,0.123,0.0000,1.0000,0.000,0.0000,1.0000,0.000,0.0000,1.0000,0.000,0.0000,1.0000,0.000,0.4679,0.6627,0.062
48,frame_0048.jpg,0.9321,0.9680,0.789,0.4758,0.8831,0.086,0.0000,1.0000,0.000,0.9515,0.7662,0.172,0.0000,1.0000,0.000,0.8512,0.7326,0.448,0.8622,0.8196,0.730,0.8029,0.8490,0.254,0.0000,1.0000,0.000,0.0000,1.0000,0.000,0.0000,1.0000,0.000,0.0000,1.0000,0.000,0.0000,1.0000,0.000,0.0000,1.0000,0.000,0.0000,1.0000,0.000
49,frame_0049.jpg,,,,,,,,,,,,,,,,,,,,,,,,,,,,,,,,,,,,,,,,,,,,,
50,frame_0050.jpg,,,,,,,,,,,,,,,,,,,,,,,,,,,,,,,,,,,,,,,,,,,,,
51,frame_0051.jpg,0.9426,0.9669,0.738,0.4902,0.9506,0.128,0.9804,0.9013,0.256,0.0000,1.0000,0.000,0.9654,0.5649,0.722,0.0000,1.0000,0.000,0.8489,0.4437,0.661,0.8499,0.4634,0.452,0.0000,1.0000,0.000,0.9688,0.1662,0.111,0.0000,1.0000,0.000,0.0000,1.0000,0.000,0.0000,1.0000,0.000,0.0000,1.0000,0.000,0.4844,0.5831,0.056
52,frame_0052.jpg,0.9320,0.9378,0.821,0.9679,0.8365,0.241,0.9599,0.8512,0.363,0.9758,0.8218,0.120,0.9116,0.5385,0.582,0.9786,0.5476,0.134,0.8622,0.3244,0.592,0.8576,0.3364,0.157,0.0000,1.0000,0.000,0.0000,1.0000,0.000,0.0000,1.0000,0.000,0.0000,1.0000,0.000,0.0000,1.0000,0.000,0.0000,1.0000,0.000,0.0000,1.0000,0.000
53,frame_0053.jpg,0.8885,0.8853,0.439,0.4546,0.9146,0.189,0.9092,0.8291,0.379,0.0000,1.0000,0.000,0.7327,0.6276,0.651,0.0000,1.0000,0.000,0.6318,0.4938,0.770,0.0000,1.0000,0.000,0.0000,1.0000,0.000,0.0000,1.0000,0.000,0.0000,1.0000,0.000,0.0000,1.0000,0.000,0.0000,1.0000,0.000,0.0000,1.0000,0.000,0.0000,1.0000,0.000
54,frame_0054.jpg,0.0000,1.0000,0.000,0.8823,0.7293,0.337,0.7958,0.7640,0.411,0.9688,0.6946,0.262,0.6140,0.8113,0.770,0.0000,1.0000,0.000,0.4845,0.8701,0.780,0.0000,1.0000,0.000,0.8312,0.1238,0.108,0.0000,1.0000,0.000,0.0000,1.0000,0.000,0.0000,1.0000,0.000,0.0000,1.0000,0.000,0.0000,1.0000,0.000,0.4156,0.5619,0.054
55,frame_0055.jpg,0.0000,1.0000,0.000,0.8556,0.7394,0.424,0.7675,0.8286,0.431,0.9437,0.6501,0.417,0.6948,0.8293,0.213,0.0000,1.0000,0.000,0.4324,0.9682,0.511,0.0000,1.0000,0.000,0.7118,0.1184,0.133,0.9336,0.1725,0.236,0.0000,1.0000,0.000,0.0000,1.0000,0.000,0.0000,1.0000,0.000,0.0000,1.0000,0.000,0.8227,0.1455,0.184
56,frame_0056.jpg,,,,,,,,,,,,,,,,,,,,,,,,,,,,,,,,,,,,,,,,,,,,,
57,frame_0057.jpg,,,,,,,,,,,,,,,,,,,,,,,,,,,,,,,,,,,,,,,,,,,,,
58,frame_0058.jpg,0.0000,1.0000,0.000,0.8876,0.8913,0.304,0.8783,0.9110,0.478,0.8968,0.8717,0.130,0.7934,0.6930,0.635,0.0000,1.0000,0.000,0.6766,0.9393,0.658,0.0000,1.0000,0.000,0.8569,0.2176,0.133,0.0000,1.0000,0.000,0.0000,1.0000,0.000,0.0000,1.0000,0.000,0.0000,1.0000,0.000,0.0000,1.0000,0.000,0.4284,0.6088,0.066
59,frame_0059.jpg,0.0000,1.0000,0.000,0.9274,0.9017,0.347,0.9056,0.9165,0.516,0.9492,0.8870,0.177,0.8146,0.6564,0.682,0.0000,1.0000,0.000,0.6946,0.7955,0.676,0.6870,0.7005,0.484,0.0000,1.0000,0.000,0.0000,1.0000,0.000,0.0000,1.0000,0.000,0.0000,1.0000,0.000,0.0000,1.0000,0.000,0.0000,1.0000,0.000,0.0000,1.0000,0.000
60,frame_0060.jpg,0.0000,1.0000,0.000,0.9249,0.8825,0.390,0.8723,0.8970,0.577,0.9775,0.8680,0.203,0.7986,0.5842,0.688,0.0000,1.0000,0.000,0.7081,0.5298,0.791,0.7680,0.4349,0.346,0.0000,1.0000,0.000,0.0000,1.0000,0.000,0.0000,1.0000,0.000,0.0000,1.0000,0.000,0.0000,1.0000,0.000,0.0000,1.0000,0.000,0.0000,1.0000,0.000
61,frame_0061.jpg,0.8513,0.9450,0.414,0.9272,0.8229,0.318,0.8813,0.8421,0.507,0.9730,0.8036,0.128,0.8212,0.4851,0.770,0.0000,1.0000,0.000,0.7779,0.3312,0.722,0.0000,1.0000,0.000,0.9064,0.2388,0.127,0.0000,1.0000,0.000,0.0000,1.0000,0.000,0.0000,1.0000,0.000,0.0000,1.0000,0.000,0.0000,1.0000,0.000,0.4532,0.6194,0.064
62,frame_0062.jpg,0.8560,0.9223,0.809,0.9294,0.8236,0.329,0.8824,0.8153,0.537,0.9763,0.8318,0.121,0.8522,0.4767,0.754,0.0000,1.0000,0.000,0.8416,0.2931,0.785,0.0000,1.0000,0.000,0.9381,0.2581,0.184,0.0000,1.0000,0.000,0.0000,1.0000,0.000,0.0000,1.0000,0.000,0.0000,1.0000,0.000,0.0000,1.0000,0.000,0.4690,0.6290,0.092
63,frame_0063.jpg,0.8558,0.9020,0.301,0.9130,0.8262,0.379,0.8434,0.8157,0.630,0.9827,0.8367,0.128,0.8214,0.4991,0.798,0.0000,1.0000,0.000,0.8724,0.4071,0.282,0.0000,1.0000,0.000,0.9265,0.2363,0.119,0.0000,1.0000,0.000,0.0000,1.0000,0.000,0.0000,1.0000,0.000,0.0000,1.0000,0.000,0.0000,1.0000,0.000,0.4632,0.6182,0.060
64,frame_0064.jpg,0.8555,0.8664,0.125,0.4168,0.8795,0.283,0.8335,0.7590,0.566,0.0000,1.0000,0.000,0.8226,0.5852,0.104,0.0000,1.0000,0.000,0.0000,1.0000,0.000,0.0000,1.0000,0.000,0.0000,1.0000,0.000,0.0000,1.0000,0.000,0.0000,1.0000,0.000,0.0000,1.0000,0.000,0.0000,1.0000,0.000,0.0000,1.0000,0.000,0.0000,1.0000,0.000
65,frame_0065.jpg,0.8758,0.8154,0.200,0.9201,0.7036,0.375,0.8563,0.7217,0.644,0.9839,0.6854,0.106,0.7564,0.5469,0.791,0.0000,1.0000,0.000,0.8000,0.6010,0.184,0.0000,1.0000,0.000,0.8830,0.1210,0.183,0.0000,1.0000,0.000,0.0000,1.0000,0.000,0.0000,1.0000,0.000,0.0000,1.0000,0.000,0.0000,1.0000,0.000,0.4415,0.5605,0.091
66,frame_0066.jpg,0.9084,0.7773,0.392,0.4474,0.8591,0.300,0.8949,0.7182,0.600,0.0000,1.0000,0.000,0.7546,0.6730,0.771,0.0000,1.0000,0.000,0.6215,0.7116,0.802,0.0000,1.0000,0.000,0.8774,0.0917,0.128,0.0000,1.0000,0.000,0.0000,1.0000,0.000,0.0000,1.0000,0.000,0.0000,1.0000,0.000,0.0000,1.0000,0.000,0.4387,0.5458,0.064
67,frame_0067.jpg,0.9241,0.8843,0.835,0.4575,0.8518,0.096,0.0000,1.0000,0.000,0.9151,0.7035,0.192,0.9559,0.7362,0.741,0.0000,1.0000,0.000,0.7875,0.8645,0.745,0.7773,0.8574,0.260,0.9425,0.2181,0.142,0.8983,0.2458,0.161,0.0000,1.0000,0.000,0.0000,1.0000,0.000,0.0000,1.0000,0.000,0.0000,1.0000,0.000,0.9204,0.2319,0.151
68,frame_0068.jpg,0.0000,1.0000,0.000,0.4715,0.8921,0.218,0.0000,1.0000,0.000,0.9429,0.7841,0.437,0.0000,1.0000,0.000,0.8287,0.7153,0.769,0.9336,0.9086,0.784,0.7620,0.8568,0.701,0.9726,0.2500,0.113,0.9262,0.2666,0.224,0.0000,1.0000,0.000,0.0000,1.0000,0.000,0.0000,1.0000,0.000,0.0000,1.0000,0.000,0.9494,0.2583,0.169
69,frame_0069.jpg,0.9065,0.9502,0.892,0.4639,0.8864,0.106,0.0000,1.0000,0.000,0.9278,0.7727,0.212,0.0000,1.0000,0.000,0.8220,0.7318,0.672,0.8501,0.8368,0.601,0.7716,0.8558,0.505,0.0000,1.0000,0.000,0.9456,0.1960,0.119,0.0000,1.0000,0.000,0.0000,1.0000,0.000,0.0000,1.0000,0.000,0.0000,1.0000,0.000,0.4728,0.5980,0.060
70,frame_0070.jpg,,,,,,,,,,,,,,,,,,,,,,,,,,,,,,,,,,,,,,,,,,,,,
71,frame_0071.jpg,,,,,,,,,,,,,,,,,,,,,,,,,,,,,,,,,,,,,,,,,,,,,
72,frame_0072.jpg,0.0000,1.0000,0.000,0.9521,0.8930,0.200,0.9486,0.8934,0.173,0.9556,0.8926,0.227,0.8526,0.5958,0.613,0.0000,1.0000,0.000,0.7275,0.4347,0.678,0.7293,0.4463,0.336,0.0000,1.0000,0.000,0.0000,1.0000,0.000,0.0000,1.0000,0.000,0.0000,1.0000,0.000,0.0000,1.0000,0.000,0.0000,1.0000,0.000,0.0000,1.0000,0.000
73,frame_0073.jpg,,,,,,,,,,,,,,,,,,,,,,,,,,,,,,,,,,,,,,,,,,,,,
74,frame_0074.jpg,0.0000,1.0000,0.000,0.4155,0.9110,0.229,0.8311,0.8220,0.458,0.0000,1.0000,0.000,0.6806,0.6903,0.747,0.0000,1.0000,0.000,0.6878,0.7321,0.473,0.8177,0.6908,0.229,0.0000,1.0000,0.000,0.0000,1.0000,0.000,0.0000,1.0000,0.000,0.0000,1.0000,0.000,0.0000,1.0000,0.000,0.0000,1.0000,0.000,0.0000,1.0000,0.000
75,frame_0075.jpg,0.0000,1.0000,0.000,0.4292,0.8864,0.243,0.8583,0.7727,0.486,0.0000,1.0000,0.000,0.6905,0.8180,0.729,0.0000,1.0000,0.000,0.5809,0.8813,0.840,0.0000,1.0000,0.000,0.8227,0.0669,0.109,0.0000,1.0000,0.000,0.0000,1.0000,0.000,0.0000,1.0000,0.000,0.0000,1.0000,0.000,0.0000,1.0000,0.000,0.4113,0.5335,0.054
76,frame_0076.jpg,0.9210,0.9074,0.568,0.4829,0.9391,0.280,0.9659,0.8781,0.560,0.0000,1.0000,0.000,0.9753,0.6976,0.379,0.0000,1.0000,0.000,0.8165,0.7946,0.659,0.8062,0.7908,0.202,0.0000,1.0000,0.000,0.0000,1.0000,0.000,0.0000,1.0000,0.000,0.0000,1.0000,0.000,0.0000,1.0000,0.000,0.0000,1.0000,0.000,0.0000,1.0000,0.000
77,frame_0077.jpg,,,,,,,,,,,,,,,,,,,,,,,,,,,,,,,,,,,,,,,,,,,,,
78,frame_0078.jpg,,,,,,,,,,,,,,,,,,,,,,,,,,,,,,,,,,,,,,,,,,,,,
79,frame_0079.jpg,,,,,,,,,,,,,,,,,,,,,,,,,,,,,,,,,,,,,,,,,,,,,
80,frame_0080.jpg,,,,,,,,,,,,,,,,,,,,,,,,,,,,,,,,,,,,,,,,,,,,,
81,frame_0081.jpg,,,,,,,,,,,,,,,,,,,,,,,,,,,,,,,,,,,,,,,,,,,,,
82,frame_0082.jpg,0.0000,1.0000,0.000,0.4439,0.9112,0.301,0.8879,0.8224,0.603,0.0000,1.0000,0.000,0.8530,0.4457,0.730,0.0000,1.0000,0.000,0.8729,0.3086,0.578,0.0000,1.0000,0.000,0.9619,0.2777,0.147,0.0000,1.0000,0.000,0.0000,1.0000,0.000,0.0000,1.0000,0.000,0.0000,1.0000,0.000,0.0000,1.0000,0.000,0.4809,0.6389,0.074
83,frame_0083.jpg,0.9162,0.8900,0.166,0.4434,0.8882,0.256,0.8868,0.7765,0.512,0.0000,1.0000,0.000,0.7834,0.5308,0.546,0.0000,1.0000,0.000,0.7694,0.5138,0.515,0.0000,1.0000,0.000,0.0000,1.0000,0.000,0.0000,1.0000,0.000,0.0000,1.0000,0.000,0.0000,1.0000,0.000,0.0000,1.0000,0.000,0.0000,1.0000,0.000,0.0000,1.0000,0.000
84,frame_0084.jpg,0.9444,0.8291,0.374,0.4654,0.8733,0.198,0.9308,0.7466,0.396,0.0000,1.0000,0.000,0.7382,0.7495,0.680,0.0000,1.0000,0.000,0.6238,0.8108,0.715,0.8978,0.6392,0.125,0.0000,1.0000,0.000,0.0000,1.0000,0.000,0.0000,1.0000,0.000,0.0000,1.0000,0.000,0.0000,1.0000,0.000,0.0000,1.0000,0.000,0.0000,1.0000,0.000
85,frame_0085.jpg,,,,,,,,,,,,,,,,,,,,,,,,,,,,,,,,,,,,,,,,,,,,,
86,frame_0086.jpg,0.9641,0.9667,0.501,0.4857,0.8704,0.193,0.0000,1.0000,0.000,0.9715,0.7408,0.385,0.0000,1.0000,0.000,0.9200,0.5771,0.349,0.9722,0.7654,0.113,0.8134,0.6851,0.324,0.0000,1.0000,0.000,0.9567,0.3111,0.137,0.0000,1.0000,0.000,0.0000,1.0000,0.000,0.0000,1.0000,0.000,0.0000,1.0000,0.000,0.4783,0.6555,0.069
87,frame_0087.jpg,0.0000,1.0000,0.000,0.4816,0.9105,0.178,0.0000,1.0000,0.000,0.9632,0.8209,0.356,0.8554,0.7880,0.129,0.8548,0.7913,0.586,0.9590,0.7392,0.106,0.8105,0.9603,0.575,0.0000,1.0000,0.000,0.0000,1.0000,0.000,0.0000,1.0000,0.000,0.0000,1.0000,0.000,0.0000,1.0000,0.000,0.0000,1.0000,0.000,0.0000,1.0000,0.000
88,frame_0088.jpg,0.0000,1.0000,0.000,0.9729,0.7456,0.180,0.9772,0.7280,0.164,0.9687,0.7633,0.195,0.0000,1.0000,0.000,0.8786,0.6776,0.779,0.8780,0.5996,0.598,0.7654,0.7636,0.644,0.0000,1.0000,0.000,0.0000,1.0000,0.000,0.0000,1.0000,0.000,0.0000,1.0000,0.000,0.0000,1.0000,0.000,0.0000,1.0000,0.000,0.0000,1.0000,0.000
89,frame_0089.jpg,0.0000,1.0000,0.000,0.4905,0.9472,0.065,0.0000,1.0000,0.000,0.9810,0.8945,0.129,0.9728,0.6455,0.629,0.9258,0.7195,0.248,0.7794,0.6330,0.753,0.7995,0.5843,0.260,0.0000,1.0000,0.000,0.0000,1.0000,0.000,0.0000,1.0000,0.000,0.0000,1.0000,0.000,0.0000,1.0000,0.000,0.0000,1.0000,0.000,0.0000,1.0000,0.000
90,frame_0090.jpg,0.0000,1.0000,0.000,0.9691,0.9056,0.258,0.9682,0.9076,0.103,0.9699,0.9036,0.414,0.9099,0.5746,0.626,0.9023,0.6092,0.155,0.7487,0.4731,0.725,0.7599,0.4694,0.376,0.0000,1.0000,0.000,0.9369,0.1711,0.104,0.0000,1.0000,0.000,0.0000,1.0000,0.000,0.0000,1.0000,0.000,0.0000,1.0000,0.000,0.4684,0.5856,0.052
91,frame_0091.jpg,,,,,,,,,,,,,,,,,,,,,,,,,,,,,,,,,,,,,,,,,,,,,
92,frame_0092.jpg,0.0000,1.0000,0.000,0.4164,0.9405,0.192,0.8328,0.8810,0.384,0.0000,1.0000,0.000,0.6571,0.6623,0.715,0.0000,1.0000,0.000,0.6464,0.6155,0.256,0.0000,1.0000,0.000,0.8127,0.0996,0.104,0.0000,1.0000,0.000,0.0000,1.0000,0.000,0.0000,1.0000,0.000,0.0000,1.0000,0.000,0.0000,1.0000,0.000,0.4063,0.5498,0.052
93,frame_0093.jpg,0.8563,0.9525,0.107,0.4110,0.9280,0.149,0.8220,0.8560,0.297,0.0000,1.0000,0.000,0.6315,0.7666,0.502,0.0000,1.0000,0.000,0.6015,0.7636,0.590,0.0000,1.0000,0.000,0.0000,1.0000,0.000,0.0000,1.0000,0.000,0.0000,1.0000,0.000,0.0000,1.0000,0.000,0.0000,1.0000,0.000,0.0000,1.0000,0.000,0.0000,1.0000,0.000
94,frame_0094.jpg,0.8727,0.8707,0.125,0.4294,0.9100,0.234,0.8588,0.8199,0.469,0.0000,1.0000,0.000,0.6701,0.8795,0.760,0.0000,1.0000,0.000,0.5222,0.9580,0.687,0.0000,1.0000,0.000,0.7877,0.0963,0.161,0.9534,0.1340,0.120,0.0000,1.0000,0.000,0.0000,1.0000,0.000,0.0000,1.0000,0.000,0.0000,1.0000,0.000,0.8706,0.1151,0.140
95,frame_0095.jpg,0.8673,0.9497,0.321,0.8698,0.8099,0.385,0.9187,0.9035,0.506,0.8209,0.7162,0.265,0.9215,0.7538,0.654,0.0000,1.0000,0.000,0.7472,0.8450,0.598,0.7349,0.8426,0.391,0.9184,0.2575,0.102,0.0000,1.0000,0.000,0.0000,1.0000,0.000,0.0000,1.0000,0.000,0.0000,1.0000,0.000,0.0000,1.0000,0.000,0.4592,0.6288,0.051
96,frame_0096.jpg,,,,,,,,,,,,,,,,,,,,,,,,,,,,,,,,,,,,,,,,,,,,,
97,frame_0097.jpg,,,,,,,,,,,,,,,,,,,,,,,,,,,,,,,,,,,,,,,,,,,,,
98,frame_0098.jpg,0.0000,1.0000,0.000,0.9478,0.9292,0.209,0.9781,0.9514,0.183,0.9175,0.9069,0.235,0.9727,0.6521,0.483,0.8020,0.7616,0.743,0.7410,0.6368,0.730,0.6911,0.8966,0.733,0.0000,1.0000,0.000,0.0000,1.0000,0.000,0.0000,1.0000,0.000,0.0000,1.0000,0.000,0.0000,1.0000,0.000,0.0000,1.0000,0.000,0.0000,1.0000,0.000
99,frame_0099.jpg,0.0000,1.0000,0.000,0.9649,0.9562,0.195,0.9575,0.9514,0.285,0.9723,0.9611,0.106,0.9423,0.6447,0.652,0.0000,1.0000,0.000,0.7030,0.5980,0.577,0.7193,0.6284,0.242,0.0000,1.0000,0.000,0.0000,1.0000,0.000,0.0000,1.0000,0.000,0.0000,1.0000,0.000,0.0000,1.0000,0.000,0.0000,1.0000,0.000,0.0000,1.0000,0.000
100,frame_0100.jpg,0.0000,1.0000,0.000,0.9336,0.9074,0.155,0.9231,0.9089,0.176,0.9441,0.9058,0.135,0.8568,0.6032,0.692,0.0000,1.0000,0.000,0.6865,0.4295,0.714,0.6890,0.4393,0.111,0.0000,1.0000,0.000,0.0000,1.0000,0.000,0.0000,1.0000,0.000,0.0000,1.0000,0.000,0.0000,1.0000,0.000,0.0000,1.0000,0.000,0.0000,1.0000,0.000
101,frame_0101.jpg,,,,,,,,,,,,,,,,,,,,,,,,,,,,,,,,,,,,,,,,,,,,,
102,frame_0102.jpg,0.8563,0.9519,0.100,0.8951,0.8029,0.346,0.8178,0.8327,0.457,0.9723,0.7730,0.234,0.6741,0.6151,0.700,0.0000,1.0000,0.000,0.6602,0.5950,0.221,0.0000,1.0000,0.000,0.8307,0.1509,0.120,0.0000,1.0000,0.000,0.0000,1.0000,0.000,0.0000,1.0000,0.000,0.0000,1.0000,0.000,0.0000,1.0000,0.000,0.4154,0.5755,0.060
103,frame_0103.jpg,0.8709,0.8848,0.298,0.9027,0.7386,0.253,0.8346,0.7792,0.381,0.9708,0.6980,0.125,0.6679,0.7294,0.663,0.0000,1.0000,0.000,0.6363,0.7296,0.617,0.0000,1.0000,0.000,0.8103,0.0927,0.140,0.0000,1.0000,0.000,0.0000,1.0000,0.000,0.0000,1.0000,0.000,0.0000,1.0000,0.000,0.0000,1.0000,0.000,0.4052,0.5464,0.070
104,frame_0104.jpg,0.8833,0.8332,0.119,0.4278,0.8867,0.238,0.8557,0.7734,0.475,0.0000,1.0000,0.000,0.7034,0.8368,0.706,0.0000,1.0000,0.000,0.5668,0.9133,0.746,0.0000,1.0000,0.000,0.8294,0.0929,0.144,0.0000,1.0000,0.000,0.0000,1.0000,0.000,0.0000,1.0000,0.000,0.0000,1.0000,0.000,0.0000,1.0000,0.000,0.4147,0.5465,0.072
105,frame_0105.jpg,0.8986,0.8763,0.502,0.4722,0.9242,0.227,0.9445,0.8485,0.453,0.0000,1.0000,0.000,0.9271,0.7230,0.740,0.0000,1.0000,0.000,0.7721,0.7354,0.715,0.7683,0.7365,0.139,0.0000,1.0000,0.000,0.0000,1.0000,0.000,0.0000,1.0000,0.000,0.0000,1.0000,0.000,0.0000,1.0000,0.000,0.0000,1.0000,0.000,0.0000,1.0000,0.000
106,frame_0106.jpg,,,,,,,,,,,,,,,,,,,,,,,,,,,,,,,,,,,,,,,,,,,,,
107,frame_0107.jpg,0.9000,0.9613,0.143,0.9492,0.8835,0.165,0.9772,0.9093,0.147,0.9212,0.8578,0.183,0.0000,1.0000,0.000,0.8180,0.8251,0.689,0.8857,0.6402,0.692,0.7663,0.9706,0.150,0.0000,1.0000,0.000,0.9057,0.2400,0.122,0.0000,1.0000,0.000,0.0000,1.0000,0.000,0.0000,1.0000,0.000,0.0000,1.0000,0.000,0.4529,0.6200,0.061
108,frame_0108.jpg,0.0000,1.0000,0.000,0.9749,0.9239,0.138,0.9794,0.9281,0.153,0.9704,0.9196,0.124,0.9764,0.6342,0.562,0.8221,0.7212,0.689,0.7608,0.5903,0.707,0.7179,0.8675,0.685,0.0000,1.0000,0.000,0.0000,1.0000,0.000,0.0000,1.0000,0.000,0.0000,1.0000,0.000,0.0000,1.0000,0.000,0.0000,1.0000,0.000,0.0000,1.0000,0.000
109,frame_0109.jpg,,,,,,,,,,,,,,,,,,,,,,,,,,,,,,,,,,,,,,,,,,,,,
110,frame_0110.jpg,0.0000,1.0000,0.000,0.9135,0.8204,0.370,0.8467,0.8595,0.577,0.9803,0.7813,0.163,0.6879,0.6859,0.745,0.0000,1.0000,0.000,0.5664,0.5914,0.791,0.0000,1.0000,0.000,0.0000,1.0000,0.000,0.0000,1.0000,0.000,0.0000,1.0000,0.000,0.0000,1.0000,0.000,0.0000,1.0000,0.000,0.0000,1.0000,0.000,0.0000,1.0000,0.000
111,frame_0111.jpg,,,,,,,,,,,,,,,,,,,,,,,,,,,,,,,,,,,,,,,,,,,,,
112,frame_0112.jpg,0.9761,0.9550,0.391,0.9224,0.8730,0.415,0.9520,0.8552,0.195,0.8928,0.8909,0.636,0.0000,1.0000,0.000,0.9808,0.7775,0.248,0.0000,1.0000,0.000,0.9586,0.9218,0.274,0.0000,1.0000,0.000,0.0000,1.0000,0.000,0.0000,1.0000,0.000,0.0000,1.0000,0.000,0.0000,1.0000,0.000,0.0000,1.0000,0.000,0.0000,1.0000,0.000
113,frame_0113.jpg,0.0000,1.0000,0.000,0.8975,0.8879,0.196,0.9628,0.9448,0.112,0.8322,0.8311,0.281,0.0000,1.0000,0.000,0.7543,0.6685,0.572,0.9567,0.8366,0.510,0.6422,0.7473,0.530,0.9207,0.3179,0.267,0.8298,0.3440,0.254,0.7617,0.0404,0.101,0.0000,1.0000,0.000,0.0000,1.0000,0.000,0.0000,1.0000,0.000,0.8752,0.3309,0.260
114,frame_0114.jpg,0.0000,1.0000,0.000,0.8542,0.8681,0.305,0.9112,0.9142,0.432,0.7972,0.8220,0.177,0.9781,0.6823,0.227,0.7058,0.8638,0.269,0.7951,0.7446,0.682,0.0000,1.0000,0.000,0.9152,0.2614,0.177,0.8199,0.2425,0.151,0.0000,1.0000,0.000,0.0000,1.0000,0.000,0.0000,1.0000,0.000,0.0000,1.0000,0.000,0.8676,0.2519,0.164
115,frame_0115.jpg,0.0000,1.0000,0.000,0.8899,0.9381,0.231,0.8872,0.9334,0.354,0.8926,0.9428,0.109,0.8304,0.6768,0.732,0.0000,1.0000,0.000,0.6513,0.7574,0.704,0.6725,0.7814,0.321,0.0000,1.0000,0.000,0.0000,1.0000,0.000,0.0000,1.0000,0.000,0.0000,1.0000,0.000,0.0000,1.0000,0.000,0.0000,1.0000,0.000,0.0000,1.0000,0.000
116,frame_0116.jpg,0.0000,1.0000,0.000,0.9153,0.9058,0.276,0.8708,0.9439,0.449,0.9597,0.8676,0.102,0.7510,0.6457,0.608,0.0000,1.0000,0.000,0.6615,0.6558,0.583,0.6764,0.6588,0.193,0.0000,1.0000,0.000,0.0000,1.0000,0.000,0.0000,1.0000,0.000,0.0000,1.0000,0.000,0.0000,1.0000,0.000,0.0000,1.0000,0.000,0.0000,1.0000,0.000
117,frame_0117.jpg,0.0000,1.0000,0.000,0.8856,0.8557,0.359,0.7950,0.8902,0.498,0.9762,0.8212,0.221,0.7103,0.5337,0.604,0.0000,1.0000,0.000,0.7034,0.4766,0.341,0.0000,1.0000,0.000,0.8209,0.2573,0.148,0.0000,1.0000,0.000,0.0000,1.0000,0.000,0.0000,1.0000,0.000,0.0000,1.0000,0.000,0.0000,1.0000,0.000,0.4104,0.6287,0.074
118,frame_0118.jpg,0.0000,1.0000,0.000,0.8329,0.8429,0.572,0.7177,0.8531,0.547,0.9480,0.8326,0.597,0.6870,0.5124,0.771,0.9797,0.5616,0.162,0.0000,1.0000,0.000,0.0000,1.0000,0.000,0.7729,0.2942,0.187,0.9335,0.2587,0.266,0.0000,1.0000,0.000,0.0000,1.0000,0.000,0.0000,1.0000,0.000,0.0000,1.0000,0.000,0.8532,0.2765,0.227
119,frame_0119.jpg,0.0000,1.0000,0.000,0.8233,0.8129,0.457,0.7029,0.8215,0.510,0.9437,0.8044,0.405,0.6754,0.6338,0.120,0.0000,1.0000,0.000,0.0000,1.0000,0.000,0.9480,0.4828,0.121,0.7536,0.2202,0.137,0.9134,0.2184,0.202,0.0000,1.0000,0.000,0.0000,1.0000,0.000,0.0000,1.0000,0.000,0.0000,1.0000,0.000,0.8335,0.2193,0.169
120,frame_0120.jpg,0.0000,1.0000,0.000,0.8517,0.7712,0.510,0.7368,0.7837,0.637,0.9667,0.7586,0.383,0.7194,0.5225,0.426,0.0000,1.0000,0.000,0.7363,0.3575,0.325,0.0000,1.0000,0.000,0.7942,0.2612,0.207,0.9281,0.2183,0.263,0.6814,0.0375,0.135,0.0000,1.0000,0.000,0.0000,1.0000,0.000,0.0000,1.0000,0.000,0.8612,0.2397,0.235
121,frame_0121.jpg,0.0000,1.0000,0.000,0.8791,0.7776,0.347,0.7753,0.7910,0.536,0.9830,0.7641,0.158,0.6418,0.6664,0.639,0.0000,1.0000,0.000,0.6211,0.6442,0.301,0.0000,1.0000,0.000,0.7933,0.2556,0.208,0.9407,0.2159,0.266,0.0000,1.0000,0.000,0.0000,1.0000,0.000,0.0000,1.0000,0.000,0.0000,1.0000,0.000,0.8670,0.2358,0.237
122,frame_0122.jpg,0.0000,1.0000,0.000,0.8904,0.7353,0.290,0.8223,0.7910,0.470,0.9585,0.6795,0.109,0.6565,0.8302,0.738,0.0000,1.0000,0.000,0.5048,0.8883,0.741,0.0000,1.0000,0.000,0.7567,0.1393,0.174,0.9173,0.1584,0.153,0.0000,1.0000,0.000,0.0000,1.0000,0.000,0.0000,1.0000,0.000,0.0000,1.0000,0.000,0.8370,0.1489,0.164
123,frame_0123.jpg,0.8539,0.8478,0.266,0.4103,0.8488,0.155,0.0000,1.0000,0.000,0.8206,0.6977,0.311,0.9167,0.7353,0.560,0.0000,1.0000,0.000,0.7985,0.8369,0.626,0.7853,0.8388,0.167,0.0000,1.0000,0.000,0.0000,1.0000,0.000,0.0000,1.0000,0.000,0.0000,1.0000,0.000,0.0000,1.0000,0.000,0.0000,1.0000,0.000,0.0000,1.0000,0.000
124,frame_0124.jpg,,,,,,,,,,,,,,,,,,,,,,,,,,,,,,,,,,,,,,,,,,,,,
125,frame_0125.jpg,,,,,,,,,,,,,,,,,,,,,,,,,,,,,,,,,,,,,,,,,,,,,
126,frame_0126.jpg,0.0000,1.0000,0.000,0.9754,0.9405,0.161,0.9755,0.9389,0.113,0.9753,0.9421,0.210,0.0000,1.0000,0.000,0.7571,0.8147,0.535,0.8429,0.6385,0.663,0.6950,0.9651,0.174,0.0000,1.0000,0.000,0.0000,1.0000,0.000,0.0000,1.0000,0.000,0.0000,1.0000,0.000,0.0000,1.0000,0.000,0.0000,1.0000,0.000,0.0000,1.0000,0.000
127,frame_0127.jpg,,,,,,,,,,,,,,,,,,,,,,,,,,,,,,,,,,,,,,,,,,,,,
128,frame_0128.jpg,0.0000,1.0000,0.000,0.9653,0.8798,0.253,0.9683,0.8797,0.368,0.9622,0.8798,0.137,0.9493,0.5179,0.577,0.0000,1.0000,0.000,0.7773,0.4482,0.745,0.7850,0.4590,0.215,0.0000,1.0000,0.000,0.0000,1.0000,0.000,0.0000,1.0000,0.000,0.0000,1.0000,0.000,0.0000,1.0000,0.000,0.0000,1.0000,0.000,0.0000,1.0000,0.000
129,frame_0129.jpg,0.8622,0.9432,0.329,0.4694,0.9366,0.240,0.9387,0.8732,0.480,0.0000,1.0000,0.000,0.8793,0.5018,0.688,0.0000,1.0000,0.000,0.8032,0.3916,0.790,0.0000,1.0000,0.000,0.9298,0.1788,0.143,0.0000,1.0000,0.000,0.0000,1.0000,0.000,0.0000,1.0000,0.000,0.0000,1.0000,0.000,0.0000,1.0000,0.000,0.4649,0.5894,0.072
130,frame_0130.jpg,0.8375,0.9646,0.502,0.4437,0.9442,0.254,0.8875,0.8884,0.508,0.0000,1.0000,0.000,0.8273,0.6654,0.383,0.0000,1.0000,0.000,0.7813,0.4939,0.579,0.0000,1.0000,0.000,0.0000,1.0000,0.000,0.0000,1.0000,0.000,0.0000,1.0000,0.000,0.0000,1.0000,0.000,0.0000,1.0000,0.000,0.0000,1.0000,0.000,0.0000,1.0000,0.000
131,frame_0131.jpg,0.8614,0.8945,0.262,0.4355,0.9118,0.234,0.8711,0.8236,0.468,0.0000,1.0000,0.000,0.7233,0.5554,0.781,0.0000,1.0000,0.000,0.7758,0.4948,0.474,0.0000,1.0000,0.000,0.0000,1.0000,0.000,0.0000,1.0000,0.000,0.0000,1.0000,0.000,0.0000,1.0000,0.000,0.0000,1.0000,0.000,0.0000,1.0000,0.000,0.0000,1.0000,0.000
132,frame_0132.jpg,0.8933,0.8010,0.192,0.4419,0.8615,0.164,0.8839,0.7230,0.328,0.0000,1.0000,0.000,0.6828,0.6814,0.626,0.0000,1.0000,0.000,0.6101,0.6590,0.742,0.0000,1.0000,0.000,0.0000,1.0000,0.000,0.0000,1.0000,0.000,0.0000,1.0000,0.000,0.0000,1.0000,0.000,0.0000,1.0000,0.000,0.0000,1.0000,0.000,0.0000,1.0000,0.000
133,frame_0133.jpg,,,,,,,,,,,,,,,,,,,,,,,,,,,,,,,,,,,,,,,,,,,,,
134,frame_0134.jpg,,,,,,,,,,,,,,,,,,,,,,,,,,,,,,,,,,,,,,,,,,,,,
135,frame_0135.jpg,,,,,,,,,,,,,,,,,,,,,,,,,,,,,,,,,,,,,,,,,,,,,
136,frame_0136.jpg,,,,,,,,,,,,,,,,,,,,,,,,,,,,,,,,,,,,,,,,,,,,,
137,frame_0137.jpg,,,,,,,,,,,,,,,,,,,,,,,,,,,,,,,,,,,,,,,,,,,,,
138,frame_0138.jpg,0.8546,0.9593,0.135,0.9145,0.8758,0.269,0.8995,0.8844,0.399,0.9296,0.8672,0.140,0.9051,0.6255,0.713,0.8403,0.6581,0.213,0.7510,0.5121,0.797,0.7595,0.5237,0.214,0.0000,1.0000,0.000,0.0000,1.0000,0.000,0.0000,1.0000,0.000,0.0000,1.0000,0.000,0.0000,1.0000,0.000,0.0000,1.0000,0.000,0.0000,1.0000,0.000
139,frame_0139.jpg,0.0000,1.0000,0.000,0.4403,0.9365,0.284,0.8807,0.8731,0.567,0.0000,1.0000,0.000,0.8582,0.6254,0.755,0.0000,1.0000,0.000,0.7605,0.5388,0.775,0.0000,1.0000,0.000,0.8680,0.2804,0.220,0.9809,0.3044,0.101,0.0000,1.0000,0.000,0.0000,1.0000,0.000,0.0000,1.0000,0.000,0.0000,1.0000,0.000,0.9244,0.2924,0.160
140,frame_0140.jpg,0.8387,0.9042,0.111,0.9073,0.8252,0.504,0.8484,0.8620,0.625,0.9662,0.7883,0.382,0.8271,0.6288,0.777,0.0000,1.0000,0.000,0.7498,0.5348,0.791,0.0000,1.0000,0.000,0.8478,0.3258,0.269,0.9736,0.3585,0.158,0.7729,0.0451,0.203,0.0000,1.0000,0.000,0.0000,1.0000,0.000,0.0000,1.0000,0.000,0.9107,0.3422,0.213
141,frame_0141.jpg,0.7892,0.8822,0.421,0.8749,0.7911,0.657,0.8021,0.8194,0.655,0.9476,0.7628,0.659,0.7771,0.5949,0.814,0.9812,0.5311,0.316,0.7199,0.5049,0.821,0.9499,0.4507,0.313,0.8082,0.3223,0.376,0.9229,0.3197,0.430,0.7851,0.0337,0.260,0.9248,0.0410,0.116,0.0000,1.0000,0.000,0.0000,1.0000,0.000,0.8655,0.3210,0.403
142,frame_0142.jpg,0.0000,1.0000,0.000,0.8169,0.7993,0.685,0.7458,0.7915,0.673,0.8880,0.8072,0.697,0.7213,0.5768,0.834,0.9746,0.6349,0.802,0.6935,0.4706,0.811,0.9167,0.5078,0.812,0.7718,0.3606,0.414,0.8729,0.3492,0.400,0.7453,0.0488,0.511,0.8680,0.0485,0.569,0.0000,1.0000,0.000,0.0000,1.0000,0.000,0.8224,0.3549,0.407
143,frame_0143.jpg,0.0000,1.0000,0.000,0.7934,0.7983,0.722,0.7228,0.7878,0.730,0.8639,0.8088,0.713,0.6975,0.5938,0.816,0.9677,0.6700,0.796,0.6890,0.4922,0.792,0.9252,0.5277,0.748,0.7492,0.4041,0.435,0.8490,0.4228,0.433,0.7431,0.0867,0.583,0.8513,0.1200,0.547,0.0000,1.0000,0.000,0.0000,1.0000,0.000,0.7991,0.4134,0.434
144,frame_0144.jpg,0.0000,1.0000,0.000,0.8015,0.7760,0.756,0.7355,0.7760,0.750,0.8675,0.7759,0.762,0.7052,0.5893,0.794,0.9543,0.6229,0.841,0.7016,0.6759,0.272,0.9336,0.4876,0.792,0.7480,0.3808,0.449,0.8458,0.3870,0.465,0.7453,0.0880,0.683,0.8411,0.0611,0.555,0.0000,1.0000,0.000,0.0000,1.0000,0.000,0.7969,0.3839,0.457
145,frame_0145.jpg,0.7572,0.8258,0.248,0.8265,0.7593,0.738,0.7684,0.7673,0.731,0.8845,0.7512,0.746,0.7519,0.6041,0.748,0.9480,0.5817,0.805,0.7246,0.6152,0.707,0.9060,0.4594,0.737,0.7772,0.3468,0.435,0.8656,0.3478,0.478,0.7402,0.1232,0.729,0.8507,0.0769,0.613,0.0000,1.0000,0.000,0.0000,1.0000,0.000,0.8214,0.3473,0.456
146,frame_0146.jpg,0.7647,0.8290,0.701,0.8355,0.7523,0.790,0.7846,0.7659,0.791,0.8863,0.7387,0.789,0.7894,0.6076,0.832,0.9246,0.5670,0.814,0.7346,0.5836,0.811,0.8803,0.4753,0.547,0.7860,0.3864,0.432,0.8732,0.3825,0.462,0.7343,0.1535,0.699,0.8521,0.1226,0.686,0.0000,1.0000,0.000,0.0000,1.0000,0.000,0.8296,0.3844,0.447
147,frame_0147.jpg,0.7480,0.8241,0.819,0.8210,0.7412,0.753,0.7837,0.7545,0.771,0.8583,0.7280,0.734,0.7939,0.5887,0.870,0.8891,0.5554,0.796,0.7218,0.5791,0.880,0.8644,0.4243,0.199,0.7832,0.3867,0.487,0.8553,0.3852,0.577,0.7515,0.1384,0.731,0.8361,0.1346,0.777,0.0000,1.0000,0.000,0.0000,1.0000,0.000,0.8192,0.3860,0.532
148,frame_0148.jpg,0.7290,0.8156,0.872,0.7958,0.7410,0.695,0.7721,0.7494,0.784,0.8194,0.7326,0.605,0.7840,0.5788,0.857,0.0000,1.0000,0.000,0.7022,0.5779,0.888,0.7400,0.6375,0.456,0.7670,0.4008,0.525,0.8108,0.4028,0.382,0.7419,0.1543,0.653,0.7943,0.1751,0.697,0.0000,1.0000,0.000,0.8333,0.0239,0.150,0.7889,0.4018,0.454
149,frame_0149.jpg,0.7270,0.8257,0.941,0.7712,0.7415,0.705,0.7759,0.7466,0.798,0.7665,0.7364,0.611,0.8048,0.5899,0.853,0.7735,0.5810,0.149,0.7109,0.5779,0.881,0.7025,0.5568,0.206,0.7612,0.4088,0.541,0.7594,0.4225,0.327,0.7350,0.1677,0.576,0.7564,0.1746,0.459,0.0000,1.0000,0.000,0.0000,1.0000,0.000,0.7603,0.4156,0.434
150,frame_0150.jpg,0.7328,0.8087,0.865,0.7647,0.7171,0.679,0.7850,0.7300,0.771,0.7444,0.7042,0.587,0.8280,0.5793,0.847,0.7372,0.5600,0.403,0.7400,0.5683,0.832,0.6941,0.5189,0.705,0.7592,0.3941,0.603,0.7335,0.4027,0.452,0.7348,0.1719,0.582,0.7405,0.1787,0.411,0.0000,1.0000,0.000,0.7548,0.0269,0.109,0.7463,0.3984,0.527
151,frame_0151.jpg,0.7277,0.8082,0.904,0.7540,0.7091,0.721,0.7849,0.7273,0.773,0.7232,0.6908,0.669,0.8315,0.5867,0.831,0.7149,0.5573,0.627,0.7661,0.5568,0.862,0.6625,0.5252,0.771,0.7650,0.3902,0.650,0.7219,0.3953,0.615,0.7480,0.1787,0.571,0.7204,0.1873,0.401,0.0000,1.0000,0.000,0.0000,1.0000,0.000,0.7434,0.3928,0.633
152,frame_0152.jpg,0.7207,0.8077,0.870,0.7506,0.7100,0.749,0.7834,0.7302,0.791,0.7178,0.6897,0.708,0.8298,0.5953,0.863,0.7104,0.5603,0.691,0.7760,0.5592,0.851,0.6549,0.5183,0.863,0.7578,0.4083,0.673,0.7172,0.4147,0.583,0.7387,0.2040,0.730,0.7411,0.2091,0.454,0.7443,0.0366,0.377,0.7469,0.0466,0.351,0.7375,0.4115,0.628
153,frame_0153.jpg,0.7001,0.8120,0.828,0.7462,0.7163,0.730,0.7744,0.7350,0.806,0.7180,0.6975,0.655,0.8292,0.6124,0.868,0.7123,0.5602,0.580,0.8430,0.5246,0.852,0.6619,0.5164,0.820,0.7538,0.4236,0.645,0.7157,0.4264,0.542,0.7362,0.2104,0.649,0.7223,0.2168,0.461,0.7474,0.0328,0.264,0.7465,0.0447,0.325,0.7348,0.4250,0.594
154,frame_0154.jpg,0.6917,0.8251,0.943,0.7433,0.7261,0.632,0.7533,0.7292,0.751,0.7333,0.7231,0.512,0.8083,0.5825,0.836,0.7275,0.5637,0.208,0.8328,0.4421,0.774,0.6865,0.5161,0.565,0.7433,0.4136,0.526,0.7416,0.4218,0.368,0.7312,0.1828,0.608,0.7561,0.1927,0.290,0.0000,1.0000,0.000,0.0000,1.0000,0.000,0.7425,0.4177,0.447
155,frame_0155.jpg,0.6987,0.8279,0.862,0.7473,0.7309,0.638,0.7475,0.7318,0.774,0.7470,0.7300,0.503,0.7098,0.5571,0.851,0.7062,0.5597,0.211,0.6253,0.4766,0.736,0.6463,0.5047,0.204,0.7447,0.4299,0.460,0.7621,0.4335,0.337,0.7294,0.1829,0.424,0.7460,0.1957,0.262,0.7399,0.0284,0.108,0.7480,0.0285,0.101,0.7534,0.4317,0.399
156,frame_0156.jpg,0.7044,0.8295,0.920,0.7571,0.7295,0.719,0.7327,0.7376,0.792,0.7815,0.7214,0.646,0.6434,0.6624,0.870,0.8065,0.5677,0.777,0.5698,0.7309,0.828,0.0000,1.0000,0.000,0.7451,0.4204,0.531,0.7807,0.4323,0.485,0.7304,0.1801,0.595,0.7620,0.1973,0.398,0.0000,1.0000,0.000,0.7509,0.0284,0.116,0.7629,0.4264,0.508
157,frame_0157.jpg,0.7143,0.8377,0.848,0.7676,0.7328,0.736,0.7467,0.7447,0.795,0.7885,0.7210,0.677,0.6636,0.6315,0.837,0.8104,0.5677,0.732,0.5874,0.6904,0.790,0.0000,1.0000,0.000,0.7470,0.4298,0.509,0.7852,0.4430,0.469,0.7354,0.1830,0.551,0.7629,0.2029,0.310,0.7492,0.0263,0.102,0.7433,0.0274,0.121,0.7661,0.4364,0.489
158,frame_0158.jpg,0.7263,0.8321,0.833,0.7711,0.7340,0.652,0.7719,0.7394,0.839,0.7703,0.7287,0.465,0.7496,0.5689,0.805,0.7480,0.5699,0.278,0.6593,0.5488,0.829,0.6850,0.5319,0.239,0.7564,0.4104,0.623,0.7667,0.4246,0.395,0.7344,0.1843,0.592,0.7558,0.1991,0.352,0.7693,0.0362,0.146,0.7731,0.0440,0.216,0.7616,0.4175,0.509
159,frame_0159.jpg,0.7382,0.8245,0.875,0.7831,0.7208,0.733,0.7986,0.7242,0.844,0.7677,0.7174,0.623,0.8265,0.5600,0.835,0.7656,0.5523,0.184,0.7408,0.5008,0.824,0.7118,0.4989,0.484,0.7724,0.4034,0.652,0.7557,0.4156,0.475,0.7489,0.1937,0.614,0.7557,0.1965,0.449,0.7658,0.0247,0.109,0.7761,0.0335,0.328,0.7640,0.4095,0.564
160,frame_0160.jpg,0.7464,0.8219,0.888,0.7899,0.7120,0.821,0.8207,0.7235,0.855,0.7591,0.7006,0.788,0.8537,0.5703,0.864,0.7548,0.5654,0.734,0.7799,0.5158,0.887,0.6948,0.5182,0.864,0.8090,0.4025,0.643,0.7558,0.4107,0.673,0.7964,0.2043,0.645,0.7619,0.1828,0.621,0.7990,0.0276,0.180,0.7750,0.0344,0.469,0.7824,0.4066,0.658
161,frame_0161.jpg,0.7667,0.8049,0.947,0.8074,0.6894,0.838,0.8446,0.7038,0.824,0.7703,0.6750,0.851,0.8644,0.5401,0.830,0.7595,0.5409,0.700,0.7761,0.5085,0.856,0.7167,0.4925,0.847,0.8340,0.3757,0.626,0.7738,0.3856,0.646,0.8538,0.1655,0.632,0.7630,0.1827,0.750,0.9061,0.0266,0.134,0.7756,0.0349,0.632,0.8039,0.3806,0.636
162,frame_0162.jpg,0.7919,0.8072,0.938,0.8382,0.7002,0.840,0.8777,0.7203,0.847,0.7986,0.6801,0.833,0.8813,0.5571,0.855,0.7892,0.5459,0.559,0.7902,0.5307,0.885,0.7529,0.5107,0.494,0.8758,0.3675,0.604,0.8110,0.3678,0.674,0.8898,0.1344,0.500,0.7839,0.1912,0.697,0.0000,1.0000,0.000,0.7805,0.0329,0.497,0.8434,0.3676,0.639
163,frame_0163.jpg,0.8149,0.8083,0.885,0.8538,0.7016,0.826,0.9049,0.7227,0.823,0.8027,0.6806,0.829,0.9145,0.5605,0.839,0.8021,0.5389,0.406,0.8257,0.5368,0.848,0.7896,0.5114,0.685,0.9105,0.3808,0.604,0.8336,0.3629,0.683,0.9400,0.1830,0.771,0.8149,0.1640,0.644,0.0000,1.0000,0.000,0.0000,1.0000,0.000,0.8721,0.3719,0.643
164,frame_0164.jpg,0.8417,0.7914,0.883,0.8923,0.6969,0.804,0.9478,0.7115,0.768,0.8367,0.6824,0.840,0.9633,0.5449,0.760,0.8143,0.5494,0.812,0.8797,0.5016,0.784,0.8383,0.4810,0.714,0.9342,0.3562,0.590,0.8588,0.3514,0.610,0.9534,0.1377,0.643,0.8219,0.1566,0.742,0.0000,1.0000,0.000,0.0000,1.0000,0.000,0.8965,0.3538,0.600
165,frame_0165.jpg,0.8724,0.7837,0.880,0.9191,0.6856,0.778,0.9684,0.6915,0.688,0.8698,0.6798,0.869,0.0000,1.0000,0.000,0.8655,0.5326,0.857,0.0000,1.0000,0.000,0.9089,0.4905,0.762,0.9756,0.3448,0.493,0.8936,0.3633,0.550,0.9838,0.1387,0.243,0.8468,0.1863,0.715,0.0000,1.0000,0.000,0.8281,0.0271,0.146,0.9346,0.3540,0.522
166,frame_0166.jpg,0.8751,0.7638,0.884,0.9271,0.7053,0.615,0.9803,0.7272,0.411,0.8739,0.6835,0.820,0.0000,1.0000,0.000,0.8990,0.5534,0.828,0.0000,1.0000,0.000,0.9759,0.5810,0.827,0.9798,0.3554,0.426,0.8999,0.3685,0.587,0.9835,0.1196,0.209,0.8472,0.1498,0.627,0.0000,1.0000,0.000,0.0000,1.0000,0.000,0.9399,0.3619,0.506
167,frame_0167.jpg,0.8421,0.7231,0.935,0.9044,0.6774,0.780,0.9655,0.7087,0.776,0.8433,0.6460,0.783,0.0000,1.0000,0.000,0.9004,0.5042,0.839,0.0000,1.0000,0.000,0.0000,1.0000,0.000,0.9746,0.3482,0.497,0.8791,0.3443,0.577,0.9846,0.1042,0.112,0.8253,0.1427,0.641,0.0000,1.0000,0.000,0.0000,1.0000,0.000,0.9268,0.3463,0.537
168,frame_0168.jpg,0.8070,0.7234,0.909,0.8614,0.6396,0.774,0.9126,0.6405,0.744,0.8103,0.6387,0.805,0.9253,0.4505,0.794,0.8091,0.4856,0.657,0.8668,0.3115,0.691,0.8214,0.3401,0.361,0.9251,0.3233,0.503,0.8492,0.3409,0.522,0.9679,0.1003,0.475,0.8004,0.1513,0.660,0.0000,1.0000,0.000,0.0000,1.0000,0.000,0.8872,0.3321,0.513
169,frame_0169.jpg,0.8025,0.7679,0.906,0.8544,0.6718,0.552,0.8533,0.6708,0.695,0.8555,0.6728,0.409,0.7608,0.5847,0.740,0.7806,0.5760,0.237,0.7216,0.6896,0.792,0.7241,0.6637,0.447,0.8995,0.3425,0.573,0.8355,0.3550,0.567,0.9380,0.1228,0.645,0.7944,0.1728,0.700,0.0000,1.0000,0.000,0.0000,1.0000,0.000,0.8675,0.3487,0.570
170,frame_0170.jpg,0.8124,0.8257,0.832,0.8418,0.7148,0.590,0.8623,0.7334,0.756,0.8213,0.6961,0.424,0.7610,0.7054,0.808,0.7641,0.6425,0.781,0.7592,0.8064,0.800,0.7392,0.7552,0.673,0.8854,0.3855,0.618,0.8247,0.3937,0.551,0.9218,0.1473,0.559,0.8064,0.1588,0.624,0.0000,1.0000,0.000,0.0000,1.0000,0.000,0.8551,0.3896,0.584
171,frame_0171.jpg,0.8257,0.8103,0.840,0.8637,0.7038,0.748,0.8893,0.7142,0.833,0.8381,0.6933,0.663,0.7860,0.6193,0.747,0.7782,0.5797,0.737,0.7277,0.6934,0.814,0.7176,0.6604,0.572,0.8879,0.3654,0.611,0.8252,0.3654,0.551,0.8942,0.1203,0.665,0.7983,0.1502,0.669,0.0000,1.0000,0.000,0.0000,1.0000,0.000,0.8565,0.3654,0.581
172,frame_0172.jpg,0.8263,0.8294,0.903,0.8659,0.7180,0.778,0.9117,0.7301,0.727,0.8202,0.7059,0.829,0.8685,0.5600,0.835,0.8000,0.5516,0.631,0.7748,0.5222,0.696,0.7623,0.5035,0.645,0.9095,0.3853,0.593,0.8349,0.3825,0.628,0.9314,0.1543,0.738,0.8132,0.1444,0.708,0.0000,1.0000,0.000,0.0000,1.0000,0.000,0.8722,0.3839,0.610
173,frame_0173.jpg,0.8393,0.7925,0.851,0.8825,0.6921,0.803,0.9347,0.7130,0.774,0.8303,0.6712,0.833,0.9257,0.5409,0.821,0.8198,0.5335,0.707,0.8265,0.4732,0.816,0.8015,0.4706,0.585,0.9362,0.3653,0.540,0.8527,0.3661,0.599,0.9459,0.1147,0.564,0.8072,0.1630,0.668,0.0000,1.0000,0.000,0.0000,1.0000,0.000,0.8944,0.3657,0.570
174,frame_0174.jpg,0.8498,0.8300,0.704,0.8937,0.7306,0.744,0.9483,0.7481,0.728,0.8391,0.7130,0.759,0.9504,0.5892,0.796,0.8259,0.5683,0.551,0.8588,0.5562,0.856,0.8228,0.5242,0.601,0.9511,0.3848,0.540,0.8716,0.3790,0.599,0.9753,0.1387,0.478,0.8582,0.1764,0.728,0.0000,1.0000,0.000,0.0000,1.0000,0.000,0.9114,0.3819,0.569
175,frame_0175.jpg,0.8688,0.7861,0.937,0.9063,0.6960,0.663,0.9503,0.7042,0.550,0.8624,0.6878,0.776,0.0000,1.0000,0.000,0.8522,0.5399,0.558,0.0000,1.0000,0.000,0.8630,0.5028,0.612,0.0000,1.0000,0.000,0.0000,1.0000,0.000,0.0000,1.0000,0.000,0.0000,1.0000,0.000,0.0000,1.0000,0.000,0.0000,1.0000,0.000,0.0000,1.0000,0.000
176,frame_0176.jpg,0.8838,0.7552,0.860,0.9330,0.6970,0.571,0.9832,0.7111,0.294,0.8829,0.6829,0.847,0.0000,1.0000,0.000,0.8851,0.5631,0.791,0.9775,0.6272,0.281,0.9388,0.5885,0.647,0.9761,0.3445,0.526,0.8980,0.3700,0.640,0.9843,0.1502,0.161,0.8516,0.1913,0.656,0.0000,1.0000,0.000,0.0000,1.0000,0.000,0.9371,0.3572,0.583
177,frame_0177.jpg,0.8712,0.7252,0.890,0.9239,0.6948,0.752,0.9780,0.7199,0.716,0.8697,0.6697,0.788,0.0000,1.0000,0.000,0.9139,0.5639,0.845,0.9279,0.5677,0.154,0.9862,0.5921,0.198,0.9769,0.3593,0.460,0.8982,0.3683,0.617,0.9835,0.1268,0.161,0.8472,0.1776,0.663,0.0000,1.0000,0.000,0.8168,0.0266,0.238,0.9375,0.3638,0.538
178,frame_0178.jpg,0.8460,0.6881,0.862,0.8987,0.6542,0.811,0.9552,0.6758,0.825,0.8422,0.6326,0.797,0.9810,0.5241,0.552,0.8903,0.4956,0.882,0.0000,1.0000,0.000,0.9791,0.4366,0.752,0.9546,0.3636,0.610,0.8703,0.3647,0.643,0.9770,0.1402,0.537,0.8241,0.1873,0.623,0.0000,1.0000,0.000,0.0000,1.0000,0.000,0.9125,0.3642,0.627
179,frame_0179.jpg,0.8257,0.7046,0.884,0.8662,0.6185,0.743,0.9050,0.6115,0.755,0.8275,0.6256,0.731,0.8655,0.4470,0.857,0.7997,0.4925,0.625,0.7934,0.3807,0.486,0.7697,0.3919,0.682,0.9159,0.3398,0.611,0.8450,0.3593,0.664,0.9345,0.1341,0.716,0.7991,0.2023,0.720,0.0000,1.0000,0.000,0.0000,1.0000,0.000,0.8805,0.3496,0.637
180,frame_0180.jpg,0.8165,0.7648,0.934,0.8594,0.6738,0.606,0.8726,0.6826,0.775,0.8462,0.6651,0.436,0.7715,0.6388,0.770,0.7886,0.6068,0.559,0.7429,0.7357,0.811,0.7435,0.6990,0.410,0.8968,0.3785,0.626,0.8378,0.3856,0.611,0.9231,0.1647,0.635,0.8013,0.2056,0.716,0.0000,1.0000,0.000,0.0000,1.0000,0.000,0.8673,0.3820,0.619
181,frame_0181.jpg,0.8260,0.7867,0.877,0.8586,0.6908,0.626,0.8851,0.7032,0.826,0.8321,0.6785,0.426,0.7924,0.6709,0.726,0.7807,0.6163,0.788,0.7756,0.7744,0.688,0.7539,0.7202,0.731,0.8878,0.3952,0.592,0.8274,0.4024,0.611,0.9105,0.1576,0.647,0.8034,0.1954,0.602,0.0000,1.0000,0.000,0.0000,1.0000,0.000,0.8576,0.3988,0.602
182,frame_0182.jpg,0.8411,0.8090,0.929,0.8755,0.7165,0.826,0.9091,0.7257,0.820,0.8419,0.7073,0.831,0.8295,0.5974,0.858,0.8144,0.5722,0.618,0.7519,0.6158,0.831,0.7495,0.5797,0.611,0.9072,0.4130,0.597,0.8438,0.4093,0.642,0.9090,0.1967,0.685,0.8092,0.2196,0.694,0.0000,1.0000,0.000,0.8189,0.0305,0.464,0.8755,0.4111,0.619
183,frame_0183.jpg,0.8416,0.7880,0.921,0.8784,0.6939,0.811,0.9239,0.7072,0.741,0.8330,0.6806,0.880,0.9081,0.5472,0.840,0.8138,0.5319,0.726,0.8183,0.4912,0.868,0.7923,0.4889,0.538,0.9228,0.3795,0.624,0.8488,0.3654,0.652,0.9549,0.1816,0.703,0.8343,0.1751,0.713,0.9821,0.0199,0.111,0.0000,1.0000,0.000,0.8858,0.3724,0.638
184,frame_0184.jpg,0.8645,0.8085,0.921,0.9033,0.7073,0.777,0.9571,0.7257,0.778,0.8495,0.6889,0.776,0.9719,0.5620,0.726,0.8404,0.5578,0.877,0.8908,0.4938,0.801,0.8448,0.4627,0.824,0.9587,0.3863,0.579,0.8780,0.3845,0.617,0.9530,0.1398,0.576,0.8507,0.1797,0.658,0.0000,1.0000,0.000,0.0000,1.0000,0.000,0.9183,0.3854,0.598
185,frame_0185.jpg,0.8837,0.7875,0.875,0.9177,0.6667,0.726,0.9658,0.6583,0.592,0.8695,0.6751,0.860,0.0000,1.0000,0.000,0.8666,0.5290,0.859,0.9546,0.4961,0.708,0.9055,0.4497,0.832,0.9733,0.3690,0.483,0.8894,0.3611,0.569,0.0000,1.0000,0.000,0.8633,0.1512,0.669,0.0000,1.0000,0.000,0.0000,1.0000,0.000,0.9314,0.3650,0.526
186,frame_0186.jpg,0.9312,0.7870,0.899,0.4589,0.8368,0.422,0.0000,1.0000,0.000,0.9177,0.6737,0.843,0.0000,1.0000,0.000,0.9162,0.5196,0.842,0.0000,1.0000,0.000,0.9667,0.4254,0.844,0.9834,0.3561,0.126,0.9374,0.3661,0.574,0.9864,0.1839,0.107,0.8954,0.1585,0.669,0.0000,1.0000,0.000,0.8592,0.0241,0.121,0.9604,0.3611,0.350
187,frame_0187.jpg,0.9694,0.7671,0.858,0.4767,0.8418,0.412,0.0000,1.0000,0.000,0.9533,0.6836,0.825,0.0000,1.0000,0.000,0.9695,0.5349,0.846,0.0000,1.0000,0.000,0.0000,1.0000,0.000,0.0000,1.0000,0.000,0.9639,0.3391,0.542,0.0000,1.0000,0.000,0.9154,0.1435,0.545,0.0000,1.0000,0.000,0.0000,1.0000,0.000,0.4819,0.6696,0.271
188,frame_0188.jpg,0.9632,0.7456,0.888,0.4755,0.8378,0.385,0.0000,1.0000,0.000,0.9509,0.6755,0.770,0.0000,1.0000,0.000,0.9819,0.5501,0.556,0.0000,1.0000,0.000,0.0000,1.0000,0.000,0.0000,1.0000,0.000,0.9595,0.3371,0.521,0.0000,1.0000,0.000,0.9077,0.1314,0.468,0.0000,1.0000,0.000,0.0000,1.0000,0.000,0.4798,0.6685,0.261
189,frame_0189.jpg,0.9212,0.6928,0.868,0.4597,0.8126,0.373,0.0000,1.0000,0.000,0.9194,0.6253,0.746,0.0000,1.0000,0.000,0.9797,0.4792,0.763,0.0000,1.0000,0.000,0.0000,1.0000,0.000,0.9846,0.3022,0.180,0.9290,0.3212,0.618,0.0000,1.0000,0.000,0.8744,0.1143,0.633,0.0000,1.0000,0.000,0.0000,1.0000,0.000,0.9568,0.3117,0.399
190,frame_0190.jpg,0.8749,0.6598,0.897,0.9263,0.5864,0.647,0.9799,0.5847,0.525,0.8727,0.5882,0.768,0.0000,1.0000,0.000,0.8919,0.4166,0.774,0.9656,0.2245,0.251,0.9335,0.2662,0.735,0.9791,0.3089,0.277,0.9091,0.3350,0.469,0.0000,1.0000,0.000,0.8465,0.1443,0.709,0.0000,1.0000,0.000,0.0000,1.0000,0.000,0.9441,0.3219,0.373
191,frame_0191.jpg,0.8553,0.7238,0.946,0.9059,0.6239,0.714,0.9293,0.6202,0.749,0.8826,0.6277,0.679,0.8352,0.5200,0.709,0.8322,0.5367,0.394,0.7744,0.5572,0.635,0.7688,0.5615,0.478,0.9738,0.2746,0.471,0.8874,0.3180,0.558,0.9753,0.0453,0.355,0.8382,0.1341,0.588,0.0000,1.0000,0.000,0.0000,1.0000,0.000,0.9306,0.2963,0.514
192,frame_0192.jpg,0.8530,0.8092,0.915,0.8957,0.6988,0.573,0.9228,0.7216,0.746,0.8686,0.6759,0.399,0.8113,0.6962,0.815,0.8020,0.6271,0.761,0.8127,0.7924,0.737,0.7909,0.7590,0.719,0.9543,0.3456,0.502,0.8797,0.3589,0.512,0.9670,0.0980,0.514,0.8415,0.1221,0.623,0.0000,1.0000,0.000,0.0000,1.0000,0.000,0.9170,0.3523,0.507
193,frame_0193.jpg,0.8795,0.8298,0.938,0.9272,0.7225,0.623,0.9534,0.7373,0.783,0.9010,0.7078,0.463,0.8345,0.6527,0.835,0.8417,0.5915,0.807,0.7869,0.7287,0.775,0.7861,0.6562,0.719,0.9473,0.3689,0.566,0.8855,0.3789,0.568,0.9479,0.1297,0.541,0.8355,0.1903,0.678,0.0000,1.0000,0.000,0.0000,1.0000,0.000,0.9164,0.3739,0.567
194,frame_0194.jpg,0.8810,0.8060,0.951,0.9236,0.6941,0.805,0.9676,0.7011,0.814,0.8797,0.6870,0.796,0.8984,0.5488,0.827,0.8625,0.5296,0.507,0.7882,0.5149,0.721,0.7949,0.4848,0.394,0.9636,0.3609,0.453,0.8871,0.3689,0.613,0.9442,0.0995,0.621,0.8307,0.1728,0.591,0.0000,1.0000,0.000,0.0000,1.0000,0.000,0.9253,0.3649,0.533
195,frame_0195.jpg,0.8431,0.7872,0.925,0.8859,0.6917,0.784,0.9382,0.7082,0.732,0.8337,0.6751,0.835,0.9385,0.5302,0.846,0.8321,0.5413,0.726,0.8551,0.4323,0.818,0.8288,0.4200,0.632,0.9351,0.3642,0.612,0.8596,0.3691,0.595,0.9604,0.1327,0.578,0.8283,0.1569,0.698,0.0000,1.0000,0.000,0.0000,1.0000,0.000,0.8973,0.3667,0.603
196,frame_0196.jpg,0.8407,0.7867,0.928,0.8852,0.7005,0.849,0.9379,0.7210,0.823,0.8326,0.6799,0.874,0.9558,0.5646,0.843,0.8282,0.5459,0.834,0.8749,0.4947,0.793,0.8382,0.4614,0.750,0.9432,0.3716,0.614,0.8618,0.3687,0.602,0.9669,0.1473,0.675,0.8314,0.1701,0.747,0.0000,1.0000,0.000,0.0000,1.0000,0.000,0.9025,0.3702,0.608
197,frame_0197.jpg,0.8664,0.7665,0.866,0.4294,0.8377,0.426,0.0000,1.0000,0.000,0.8587,0.6754,0.851,0.0000,1.0000,0.000,0.8584,0.5540,0.845,0.0000,1.0000,0.000,0.8795,0.5267,0.727,0.0000,1.0000,0.000,0.0000,1.0000,0.000,0.0000,1.0000,0.000,0.0000,1.0000,0.000,0.0000,1.0000,0.000,0.0000,1.0000,0.000,0.0000,1.0000,0.000
198,frame_0198.jpg,0.8775,0.7291,0.884,0.9227,0.6780,0.718,0.9687,0.6944,0.629,0.8766,0.6615,0.807,0.0000,1.0000,0.000,0.8996,0.5566,0.847,0.0000,1.0000,0.000,0.9599,0.5494,0.800,0.9773,0.3476,0.579,0.8947,0.3660,0.676,0.0000,1.0000,0.000,0.8405,0.2104,0.715,0.0000,1.0000,0.000,0.8226,0.0337,0.562,0.9360,0.3568,0.628
199,frame_0199.jpg,0.8656,0.7239,0.944,0.9167,0.6811,0.778,0.9696,0.7092,0.749,0.8638,0.6530,0.807,0.0000,1.0000,0.000,0.9159,0.5618,0.854,0.9287,0.5666,0.123,0.9858,0.5821,0.167,0.9701,0.3491,0.503,0.8866,0.3534,0.574,0.9842,0.1243,0.123,0.8391,0.1869,0.622,0.0000,1.0000,0.000,0.0000,1.0000,0.000,0.9283,0.3512,0.539
200,frame_0200.jpg,0.8367,0.6811,0.869,0.8847,0.6212,0.808,0.9396,0.6352,0.817,0.8299,0.6071,0.798,0.9743,0.4936,0.828,0.8741,0.4651,0.821,0.9819,0.3723,0.626,0.9574,0.3774,0.711,0.9388,0.3293,0.546,0.8615,0.3485,0.656,0.9655,0.1194,0.657,0.8072,0.1962,0.746,0.0000,1.0000,0.000,0.0000,1.0000,0.000,0.9001,0.3389,0.601
201,frame_0201.jpg,0.8225,0.7058,0.866,0.8630,0.6232,0.777,0.8885,0.6228,0.781,0.8375,0.6235,0.773,0.8075,0.5103,0.826,0.7959,0.5233,0.396,0.7412,0.5111,0.810,0.7498,0.5175,0.465,0.9078,0.3239,0.598,0.8360,0.3467,0.682,0.9272,0.1200,0.730,0.7926,0.1895,0.679,0.0000,1.0000,0.000,0.0000,1.0000,0.000,0.8719,0.3353,0.640
202,frame_0202.jpg,0.8166,0.7685,0.854,0.8583,0.6866,0.555,0.8638,0.6863,0.730,0.8527,0.6868,0.379,0.7769,0.6889,0.793,0.7713,0.6601,0.375,0.7861,0.7866,0.717,0.7865,0.7655,0.453,0.8867,0.3675,0.605,0.8283,0.3791,0.601,0.9184,0.1490,0.675,0.7910,0.2042,0.722,0.9833,0.0288,0.131,0.0000,1.0000,0.000,0.8575,0.3733,0.603
203,frame_0203.jpg,0.8391,0.7862,0.913,0.8733,0.6782,0.656,0.8926,0.6830,0.812,0.8540,0.6734,0.501,0.7836,0.6394,0.783,0.7878,0.5945,0.794,0.7631,0.7349,0.771,0.7470,0.6817,0.685,0.8869,0.3805,0.614,0.8279,0.3785,0.590,0.9035,0.1464,0.624,0.7932,0.1922,0.666,0.0000,1.0000,0.000,0.0000,1.0000,0.000,0.8574,0.3795,0.602
204,frame_0204.jpg,0.8506,0.7979,0.826,0.8899,0.7016,0.830,0.9208,0.7052,0.821,0.8590,0.6981,0.838,0.8596,0.5517,0.841,0.8392,0.5547,0.466,0.7702,0.5275,0.766,0.7749,0.5100,0.499,0.9245,0.3931,0.572,0.8564,0.3871,0.653,0.9301,0.1486,0.483,0.8135,0.2049,0.577,0.0000,1.0000,0.000,0.0000,1.0000,0.000,0.8905,0.3901,0.612
205,frame_0205.jpg,0.8530,0.7902,0.903,0.8907,0.6939,0.815,0.9410,0.7057,0.760,0.8403,0.6821,0.869,0.9414,0.5258,0.831,0.8305,0.5462,0.695,0.8562,0.4323,0.814,0.8310,0.4373,0.667,0.9424,0.3870,0.641,0.8690,0.3767,0.649,0.9786,0.1679,0.500,0.8508,0.1900,0.649,0.0000,1.0000,0.000,0.0000,1.0000,0.000,0.9057,0.3818,0.645
206,frame_0206.jpg,0.8763,0.7871,0.902,0.9207,0.6938,0.784,0.9747,0.7096,0.688,0.8667,0.6780,0.880,0.9803,0.5206,0.244,0.8614,0.5325,0.817,0.9366,0.4560,0.197,0.8700,0.4090,0.851,0.9740,0.3825,0.529,0.8983,0.3836,0.527,0.9750,0.1601,0.600,0.8626,0.1600,0.734,0.0000,1.0000,0.000,0.0000,1.0000,0.000,0.9362,0.3831,0.528
207,frame_0207.jpg,0.9091,0.7706,0.872,0.9462,0.6970,0.459,0.9845,0.7214,0.108,0.9079,0.6727,0.811,0.0000,1.0000,0.000,0.9053,0.5203,0.827,0.9657,0.4590,0.143,0.9238,0.4126,0.762,0.9832,0.3508,0.144,0.9303,0.3598,0.540,0.0000,1.0000,0.000,0.8912,0.1540,0.673,0.0000,1.0000,0.000,0.0000,1.0000,0.000,0.9567,0.3553,0.342
208,frame_0208.jpg,0.9313,0.7663,0.934,0.4649,0.8385,0.421,0.0000,1.0000,0.000,0.9299,0.6770,0.842,0.0000,1.0000,0.000,0.9349,0.5304,0.796,0.0000,1.0000,0.000,0.9699,0.4201,0.809,0.0000,1.0000,0.000,0.9494,0.3633,0.538,0.0000,1.0000,0.000,0.8960,0.1553,0.647,0.0000,1.0000,0.000,0.0000,1.0000,0.000,0.4747,0.6817,0.269
209,frame_0209.jpg,0.9316,0.7240,0.921,0.4661,0.8292,0.422,0.0000,1.0000,0.000,0.9322,0.6583,0.844,0.0000,1.0000,0.000,0.9487,0.5177,0.820,0.0000,1.0000,0.000,0.9818,0.4519,0.660,0.0000,1.0000,0.000,0.9491,0.3317,0.562,0.0000,1.0000,0.000,0.8924,0.1295,0.584,0.0000,1.0000,0.000,0.0000,1.0000,0.000,0.4746,0.6658,0.281
210,frame_0210.jpg,0.9079,0.7022,0.908,0.4552,0.8205,0.397,0.0000,1.0000,0.000,0.9105,0.6410,0.794,0.0000,1.0000,0.000,0.9469,0.5159,0.835,0.0000,1.0000,0.000,0.0000,1.0000,0.000,0.9841,0.3154,0.216,0.9248,0.3308,0.601,0.0000,1.0000,0.000,0.8746,0.1338,0.618,0.0000,1.0000,0.000,0.0000,1.0000,0.000,0.9545,0.3231,0.408
211,frame_0211.jpg,0.8666,0.6952,0.917,0.9225,0.6455,0.717,0.9768,0.6669,0.630,0.8682,0.6240,0.805,0.0000,1.0000,0.000,0.9118,0.4750,0.822,0.0000,1.0000,0.000,0.9849,0.3871,0.316,0.9780,0.3101,0.430,0.9007,0.3287,0.574,0.9840,0.0778,0.112,0.8462,0.1441,0.620,0.0000,1.0000,0.000,0.0000,1.0000,0.000,0.9394,0.3194,0.502
212,frame_0212.jpg,0.8474,0.7231,0.898,0.8993,0.6346,0.740,0.9259,0.6340,0.753,0.8727,0.6352,0.727,0.8803,0.4528,0.775,0.8404,0.4925,0.391,0.7958,0.4152,0.502,0.7822,0.4223,0.395,0.9645,0.3243,0.479,0.8855,0.3490,0.550,0.9624,0.0828,0.555,0.8333,0.1658,0.626,0.0000,1.0000,0.000,0.0000,1.0000,0.000,0.9250,0.3366,0.515
213,frame_0213.jpg,0.8356,0.7700,0.829,0.8809,0.6782,0.591,0.8930,0.7013,0.827,0.8688,0.6551,0.355,0.7927,0.6685,0.814,0.8163,0.6072,0.696,0.7995,0.7678,0.667,0.7962,0.7012,0.208,0.9265,0.3483,0.630,0.8703,0.3581,0.622,0.9457,0.1016,0.591,0.8279,0.1699,0.702,0.0000,1.0000,0.000,0.0000,1.0000,0.000,0.8984,0.3532,0.626
214,frame_0214.jpg,0.8462,0.8061,0.848,0.8850,0.6898,0.588,0.9065,0.7157,0.782,0.8635,0.6639,0.394,0.8041,0.6827,0.851,0.8174,0.6210,0.656,0.8115,0.7726,0.715,0.7964,0.7390,0.558,0.9189,0.3589,0.568,0.8592,0.3493,0.521,0.9426,0.1062,0.444,0.8795,0.0974,0.394,0.0000,1.0000,0.000,0.0000,1.0000,0.000,0.8891,0.3541,0.544
215,frame_0215.jpg,0.8689,0.7847,0.947,0.9122,0.6839,0.807,0.9406,0.6910,0.798,0.8838,0.6769,0.816,0.8494,0.5648,0.715,0.8423,0.5411,0.509,0.7769,0.6014,0.782,0.7760,0.5688,0.637,0.9390,0.3390,0.567,0.8689,0.3442,0.639,0.9397,0.1019,0.675,0.8249,0.1548,0.668,0.0000,1.0000,0.000,0.0000,1.0000,0.000,0.9040,0.3416,0.603
216,frame_0216.jpg,0.8724,0.8069,0.907,0.9177,0.7063,0.811,0.9634,0.7158,0.775,0.8719,0.6968,0.847,0.9249,0.5375,0.812,0.8673,0.5461,0.797,0.8358,0.4639,0.755,0.8273,0.4538,0.608,0.9714,0.3817,0.512,0.8927,0.3808,0.581,0.9755,0.1484,0.588,0.8686,0.1725,0.662,0.0000,1.0000,0.000,0.0000,1.0000,0.000,0.9320,0.3813,0.547
217,frame_0217.jpg,0.8657,0.7668,0.936,0.9128,0.6751,0.824,0.9690,0.6916,0.779,0.8567,0.6586,0.868,0.9707,0.5087,0.832,0.8522,0.5066,0.853,0.9151,0.3955,0.424,0.8698,0.3868,0.864,0.9726,0.3692,0.570,0.8961,0.3639,0.544,0.9863,0.1662,0.237,0.8854,0.1416,0.694,0.0000,1.0000,0.000,0.0000,1.0000,0.000,0.9344,0.3665,0.557
218,frame_0218.jpg,0.8727,0.7671,0.893,0.9215,0.6891,0.756,0.9760,0.7069,0.684,0.8670,0.6714,0.829,0.9844,0.5424,0.352,0.8724,0.5157,0.841,0.9606,0.4373,0.706,0.9042,0.3820,0.872,0.9727,0.3996,0.505,0.8985,0.3928,0.547,0.9810,0.1740,0.590,0.8838,0.1668,0.708,0.0000,1.0000,0.000,0.0000,1.0000,0.000,0.9356,0.3962,0.526
219,frame_0219.jpg,0.8909,0.7613,0.918,0.9338,0.6842,0.618,0.9810,0.7026,0.447,0.8865,0.6658,0.789,0.0000,1.0000,0.000,0.8959,0.5180,0.839,0.0000,1.0000,0.000,0.9351,0.4026,0.818,0.9815,0.3846,0.388,0.9134,0.3702,0.585,0.9846,0.1814,0.382,0.8905,0.1616,0.713,0.0000,1.0000,0.000,0.0000,1.0000,0.000,0.9474,0.3774,0.487
220,frame_0220.jpg,0.9103,0.7436,0.889,0.4540,0.8343,0.399,0.0000,1.0000,0.000,0.9080,0.6686,0.798,0.0000,1.0000,0.000,0.9173,0.5365,0.876,0.0000,1.0000,0.000,0.9649,0.4745,0.845,0.9817,0.3552,0.271,0.9207,0.3637,0.650,0.0000,1.0000,0.000,0.8903,0.1560,0.687,0.0000,1.0000,0.000,0.0000,1.0000,0.000,0.9512,0.3594,0.461
221,frame_0221.jpg,0.9038,0.7233,0.921,0.4494,0.8311,0.393,0.0000,1.0000,0.000,0.8988,0.6622,0.787,0.0000,1.0000,0.000,0.9322,0.5453,0.842,0.0000,1.0000,0.000,0.0000,1.0000,0.000,0.9821,0.3379,0.330,0.9168,0.3573,0.630,0.0000,1.0000,0.000,0.8646,0.1572,0.640,0.0000,1.0000,0.000,0.0000,1.0000,0.000,0.9495,0.3476,0.480
222,frame_0222.jpg,0.8687,0.6918,0.877,0.9215,0.6635,0.773,0.9762,0.6904,0.745,0.8669,0.6365,0.801,0.0000,1.0000,0.000,0.9193,0.5094,0.857,0.0000,1.0000,0.000,0.0000,1.0000,0.000,0.9775,0.3440,0.474,0.8943,0.3447,0.586,0.0000,1.0000,0.000,0.8358,0.1484,0.668,0.0000,1.0000,0.000,0.0000,1.0000,0.000,0.9359,0.3443,0.530
223,frame_0223.jpg,0.8384,0.6849,0.861,0.8856,0.6291,0.768,0.9315,0.6230,0.743,0.8397,0.6352,0.793,0.9423,0.4410,0.814,0.8282,0.5110,0.219,0.8762,0.3105,0.620,0.8385,0.3404,0.258,0.9331,0.3194,0.569,0.8629,0.3398,0.528,0.9423,0.0983,0.590,0.8096,0.1633,0.528,0.0000,1.0000,0.000,0.0000,1.0000,0.000,0.8980,0.3296,0.549
224,frame_0224.jpg,0.8274,0.7395,0.900,0.8823,0.6572,0.605,0.8858,0.6643,0.747,0.8788,0.6500,0.462,0.7957,0.6008,0.752,0.8063,0.5919,0.129,0.7699,0.7369,0.576,0.7654,0.7078,0.170,0.9091,0.3312,0.601,0.8475,0.3418,0.632,0.9242,0.1222,0.682,0.8055,0.1820,0.741,0.9827,0.0233,0.104,0.0000,1.0000,0.000,0.8783,0.3365,0.616
225,frame_0225.jpg,0.8500,0.7870,0.865,0.8883,0.6874,0.574,0.9082,0.7005,0.777,0.8684,0.6744,0.371,0.8084,0.6657,0.810,0.8162,0.6133,0.683,0.8086,0.7664,0.769,0.7883,0.7244,0.633,0.9105,0.3701,0.609,0.8467,0.3668,0.623,0.9259,0.1358,0.608,0.8161,0.1589,0.689,0.9822,0.0273,0.130,0.0000,1.0000,0.000,0.8786,0.3684,0.616
226,frame_0226.jpg,0.8948,0.7777,0.849,0.9207,0.6863,0.751,0.9487,0.6883,0.746,0.8926,0.6844,0.755,0.8486,0.5645,0.748,0.8545,0.5437,0.266,0.7884,0.6152,0.800,0.7893,0.5845,0.569,0.9377,0.3502,0.570,0.8728,0.3540,0.589,0.9472,0.1035,0.595,0.8271,0.1577,0.726,0.0000,1.0000,0.000,0.0000,1.0000,0.000,0.9053,0.3521,0.580
227,frame_0227.jpg,0.9026,0.7915,0.846,0.9212,0.6975,0.793,0.9675,0.7054,0.803,0.8750,0.6896,0.783,0.9197,0.5348,0.837,0.8680,0.5474,0.762,0.8260,0.4820,0.712,0.8179,0.4750,0.583,0.9697,0.3728,0.538,0.8879,0.3726,0.574,0.9765,0.1422,0.541,0.8600,0.1584,0.732,0.0000,1.0000,0.000,0.0000,1.0000,0.000,0.9288,0.3727,0.556
228,frame_0228.jpg,0.8956,0.7797,0.837,0.9139,0.6849,0.820,0.9700,0.6944,0.780,0.8577,0.6755,0.859,0.9671,0.5137,0.840,0.8505,0.5245,0.776,0.9051,0.4205,0.597,0.8588,0.4026,0.817,0.9700,0.3685,0.549,0.8878,0.3674,0.551,0.9844,0.1476,0.165,0.8608,0.1446,0.722,0.0000,1.0000,0.000,0.0000,1.0000,0.000,0.9289,0.3679,0.550
229,frame_0229.jpg,0.8872,0.7681,0.845,0.9249,0.6969,0.779,0.9783,0.7124,0.692,0.8715,0.6814,0.865,0.9853,0.5661,0.121,0.8685,0.5259,0.854,0.9649,0.4528,0.554,0.8988,0.3954,0.804,0.9753,0.3723,0.500,0.8952,0.3711,0.529,0.9762,0.1390,0.394,0.8565,0.1577,0.785,0.0000,1.0000,0.000,0.0000,1.0000,0.000,0.9353,0.3717,0.515
230,frame_0230.jpg,0.8832,0.7377,0.884,0.9306,0.6787,0.687,0.9812,0.6957,0.531,0.8800,0.6617,0.843,0.0000,1.0000,0.000,0.8958,0.5194,0.846,0.0000,1.0000,0.000,0.9544,0.4744,0.855,0.9789,0.3465,0.531,0.8976,0.3595,0.600,0.0000,1.0000,0.000,0.8461,0.1690,0.653,0.0000,1.0000,0.000,0.0000,1.0000,0.000,0.9383,0.3530,0.565
231,frame_0231.jpg,0.8478,0.6690,0.827,0.9092,0.6346,0.770,0.9688,0.6610,0.765,0.8497,0.6082,0.776,0.0000,1.0000,0.000,0.9023,0.4549,0.871,0.0000,1.0000,0.000,0.9861,0.3918,0.210,0.9726,0.3336,0.537,0.8818,0.3373,0.611,0.9857,0.0683,0.101,0.8264,0.1583,0.613,0.0000,1.0000,0.000,0.0000,1.0000,0.000,0.9272,0.3354,0.574
232,frame_0232.jpg,0.8121,0.6446,0.831,0.8669,0.5846,0.756,0.9229,0.5874,0.717,0.8108,0.5818,0.795,0.9460,0.4110,0.871,0.8389,0.4090,0.866,0.9191,0.2632,0.819,0.8747,0.2630,0.813,0.9139,0.3273,0.511,0.8457,0.3403,0.630,0.9330,0.0906,0.582,0.7985,0.1722,0.725,0.0000,1.0000,0.000,0.0000,1.0000,0.000,0.8798,0.3338,0.571
233,frame_0233.jpg,0.8011,0.7251,0.905,0.8460,0.6307,0.715,0.8646,0.6277,0.752,0.8274,0.6337,0.679,0.7790,0.5119,0.747,0.7730,0.5359,0.582,0.7011,0.5247,0.713,0.7042,0.5289,0.585,0.9080,0.3294,0.596,0.8395,0.3431,0.642,0.9210,0.1080,0.753,0.7969,0.1709,0.711,0.9829,0.0232,0.142,0.0000,1.0000,0.000,0.8737,0.3363,0.619
234,frame_0234.jpg,0.8048,0.7910,0.833,0.8435,0.6830,0.617,0.8655,0.7075,0.743,0.8216,0.6585,0.491,0.7638,0.6814,0.859,0.7741,0.6047,0.671,0.7715,0.7702,0.739,0.7542,0.7138,0.402,0.8913,0.3607,0.598,0.8309,0.3673,0.583,0.9176,0.1283,0.653,0.8061,0.1490,0.598,0.9875,0.0286,0.107,0.0000,1.0000,0.000,0.8611,0.3640,0.591
235,frame_0235.jpg,0.8499,0.7879,0.840,0.8784,0.6905,0.528,0.9005,0.7079,0.712,0.8563,0.6731,0.344,0.7929,0.6457,0.790,0.8029,0.5697,0.828,0.7704,0.7295,0.806,0.7635,0.6578,0.673,0.9018,0.3615,0.577,0.8364,0.3616,0.615,0.9163,0.1048,0.640,0.7993,0.1519,0.681,0.0000,1.0000,0.000,0.0000,1.0000,0.000,0.8691,0.3615,0.596
236,frame_0236.jpg,0.8877,0.8083,0.839,0.9066,0.7130,0.833,0.9437,0.7234,0.828,0.8696,0.7026,0.838,0.8642,0.5693,0.781,0.8472,0.5528,0.547,0.7780,0.5770,0.823,0.7775,0.5480,0.593,0.9416,0.3518,0.548,0.8697,0.3623,0.589,0.9613,0.0952,0.390,0.8294,0.1507,0.678,0.0000,1.0000,0.000,0.0000,1.0000,0.000,0.9056,0.3571,0.568
237,frame_0237.jpg,0.8869,0.8090,0.812,0.8998,0.7061,0.820,0.9564,0.7219,0.818,0.8433,0.6903,0.822,0.9396,0.5384,0.825,0.8331,0.5489,0.713,0.8475,0.4666,0.825,0.8248,0.4610,0.572,0.9555,0.3614,0.571,0.8743,0.3475,0.568,0.9782,0.1526,0.550,0.8678,0.1347,0.704,0.0000,1.0000,0.000,0.0000,1.0000,0.000,0.9149,0.3545,0.570
238,frame_0238.jpg,0.8836,0.7925,0.821,0.9040,0.7020,0.846,0.9649,0.7190,0.824,0.8430,0.6849,0.867,0.9763,0.5405,0.793,0.8398,0.5293,0.837,0.9284,0.4530,0.754,0.8663,0.4035,0.863,0.9670,0.3809,0.532,0.8809,0.3687,0.547,0.9818,0.1509,0.325,0.8615,0.1333,0.708,0.0000,1.0000,0.000,0.0000,1.0000,0.000,0.9240,0.3748,0.539
239,frame_0239.jpg,0.8779,0.7865,0.941,0.9217,0.7067,0.738,0.9773,0.7266,0.659,0.8662,0.6867,0.816,0.0000,1.0000,0.000,0.8649,0.5342,0.880,0.9661,0.4748,0.475,0.9104,0.4313,0.840,0.9761,0.3823,0.490,0.8958,0.3738,0.587,0.9784,0.1422,0.552,0.8675,0.1604,0.770,0.0000,1.0000,0.000,0.0000,1.0000,0.000,0.9359,0.3781,0.539
240,frame_0240.jpg,0.8911,0.7666,0.940,0.9355,0.6974,0.533,0.9823,0.7102,0.242,0.8888,0.6846,0.824,0.0000,1.0000,0.000,0.8991,0.5356,0.830,0.0000,1.0000,0.000,0.9599,0.4871,0.791,0.9798,0.3508,0.482,0.9082,0.3626,0.625,0.9837,0.1544,0.416,0.8724,0.1516,0.696,0.0000,1.0000,0.000,0.0000,1.0000,0.000,0.9440,0.3567,0.553
241,frame_0241.jpg,0.9027,0.7515,0.874,0.4492,0.8447,0.389,0.0000,1.0000,0.000,0.8984,0.6893,0.777,0.0000,1.0000,0.000,0.9128,0.5558,0.865,0.0000,1.0000,0.000,0.9794,0.5238,0.692,0.9795,0.3624,0.511,0.9061,0.3817,0.661,0.9844,0.1465,0.261,0.8593,0.1928,0.672,0.0000,1.0000,0.000,0.8427,0.0236,0.125,0.9428,0.3721,0.586
242,frame_0242.jpg,0.8822,0.7273,0.869,0.9294,0.6936,0.609,0.9811,0.7158,0.426,0.8778,0.6715,0.792,0.0000,1.0000,0.000,0.9178,0.5451,0.840,0.0000,1.0000,0.000,0.9884,0.5408,0.154,0.9782,0.3667,0.470,0.8985,0.3711,0.578,0.9833,0.1438,0.155,0.8395,0.1939,0.705,0.0000,1.0000,0.000,0.8002,0.0302,0.397,0.9384,0.3689,0.524
243,frame_0243.jpg,0.8407,0.7034,0.913,0.8879,0.6724,0.808,0.9425,0.6973,0.826,0.8333,0.6475,0.791,0.9774,0.5594,0.774,0.8859,0.5097,0.847,0.0000,1.0000,0.000,0.9806,0.4561,0.575,0.9365,0.3717,0.508,0.8553,0.3597,0.582,0.9758,0.1221,0.356,0.8056,0.1755,0.653,0.0000,1.0000,0.000,0.7970,0.0216,0.116,0.8959,0.3657,0.545
244,frame_0244.jpg,0.8160,0.7128,0.875,0.8462,0.6481,0.774,0.8805,0.6416,0.797,0.8120,0.6547,0.750,0.8587,0.4779,0.751,0.7927,0.5500,0.854,0.7713,0.4419,0.593,0.7525,0.4456,0.696,0.8895,0.3671,0.629,0.8207,0.3825,0.688,0.9241,0.1645,0.700,0.7869,0.1954,0.702,0.0000,1.0000,0.000,0.7940,0.0272,0.321,0.8551,0.3748,0.658
245,frame_0245.jpg,0.8107,0.7503,0.813,0.8367,0.6802,0.576,0.8470,0.6855,0.757,0.8263,0.6749,0.394,0.7584,0.6723,0.807,0.7642,0.6682,0.309,0.7694,0.7725,0.674,0.7548,0.7565,0.498,0.8669,0.3839,0.678,0.8146,0.3845,0.645,0.9056,0.1844,0.735,0.7838,0.2065,0.750,0.9752,0.0237,0.151,0.7933,0.0309,0.425,0.8408,0.3842,0.661
246,frame_0246.jpg,0.8272,0.7708,0.854,0.8498,0.6902,0.588,0.8570,0.6902,0.712,0.8425,0.6903,0.464,0.7637,0.6384,0.854,0.8613,0.8824,0.165,0.7401,0.7299,0.797,0.7419,0.7128,0.104,0.8621,0.3896,0.644,0.8079,0.3927,0.666,0.8821,0.1764,0.654,0.7879,0.2047,0.656,0.0000,1.0000,0.000,0.7934,0.0328,0.571,0.8350,0.3911,0.655
247,frame_0247.jpg,0.8391,0.7731,0.829,0.8501,0.6894,0.841,0.8850,0.6859,0.822,0.8152,0.6929,0.860,0.8145,0.5519,0.839,0.7901,0.5631,0.552,0.7403,0.5732,0.826,0.7391,0.5540,0.607,0.8755,0.3938,0.623,0.8095,0.3909,0.671,0.8971,0.1837,0.631,0.7882,0.2028,0.713,0.0000,1.0000,0.000,0.7942,0.0310,0.390,0.8425,0.3924,0.647
248,frame_0248.jpg,0.8387,0.7694,0.850,0.8530,0.6864,0.819,0.9001,0.6935,0.764,0.8059,0.6793,0.875,0.8856,0.5209,0.803,0.7902,0.5441,0.747,0.7982,0.4643,0.806,0.7818,0.4589,0.587,0.8923,0.3936,0.643,0.8170,0.3908,0.665,0.9136,0.1781,0.708,0.7930,0.1882,0.749,0.0000,1.0000,0.000,0.7957,0.0310,0.440,0.8547,0.3922,0.654
249,frame_0249.jpg,0.8270,0.7501,0.882,0.8709,0.6821,0.797,0.9262,0.6920,0.761,0.8156,0.6721,0.832,0.9439,0.5369,0.866,0.8111,0.5324,0.797,0.8821,0.4665,0.718,0.8419,0.4286,0.852,0.9107,0.3881,0.643,0.8340,0.3891,0.646,0.9251,0.1711,0.657,0.8005,0.1960,0.764,0.0000,1.0000,0.000,0.7962,0.0320,0.532,0.8723,0.3886,0.644
250,frame_0250.jpg,0.8210,0.7085,0.832,0.8718,0.6664,0.834,0.9259,0.6922,0.802,0.8176,0.6405,0.866,0.9645,0.5594,0.803,0.8481,0.4899,0.839,0.9732,0.4913,0.620,0.9295,0.4375,0.822,0.9250,0.3823,0.659,0.8467,0.3798,0.644,0.9477,0.1534,0.682,0.8074,0.2049,0.679,0.0000,1.0000,0.000,0.7977,0.0295,0.411,0.8858,0.3811,0.652
251,frame_0251.jpg,0.8047,0.6426,0.918,0.8552,0.6039,0.759,0.9100,0.6203,0.761,0.8003,0.5874,0.756,0.9472,0.4923,0.855,0.8437,0.4407,0.851,0.9581,0.3689,0.803,0.9169,0.3435,0.861,0.9085,0.3651,0.540,0.8360,0.3680,0.660,0.9155,0.1377,0.788,0.7907,0.2057,0.720,0.0000,1.0000,0.000,0.7955,0.0292,0.377,0.8722,0.3666,0.600
252,frame_0252.jpg,0.8056,0.7023,0.928,0.8477,0.6121,0.703,0.8698,0.6001,0.721,0.8257,0.6242,0.685,0.7853,0.4877,0.814,0.7841,0.5450,0.757,0.7234,0.5067,0.655,0.7269,0.5173,0.734,0.8859,0.3620,0.655,0.8263,0.3802,0.652,0.8835,0.1527,0.729,0.7920,0.2189,0.702,0.0000,1.0000,0.000,0.7936,0.0326,0.653,0.8561,0.3711,0.654
253,frame_0253.jpg,0.8072,0.7624,0.899,0.8487,0.6824,0.614,0.8524,0.6809,0.763,0.8451,0.6840,0.465,0.7666,0.6756,0.844,0.7768,0.6883,0.171,0.7627,0.7848,0.701,0.7532,0.7766,0.499,0.8780,0.3852,0.673,0.8288,0.3895,0.655,0.8853,0.1653,0.684,0.7944,0.2111,0.714,0.0000,1.0000,0.000,0.7913,0.0312,0.472,0.8534,0.3873,0.664
254,frame_0254.jpg,0.8286,0.7853,0.910,0.8685,0.6862,0.624,0.8787,0.6967,0.802,0.8582,0.6758,0.445,0.7777,0.6543,0.786,0.7900,0.6174,0.659,0.7598,0.7619,0.805,0.7506,0.7152,0.528,0.8792,0.3789,0.643,0.8290,0.3880,0.585,0.8975,0.1537,0.667,0.7937,0.2118,0.675,0.0000,1.0000,0.000,0.7922,0.0292,0.363,0.8541,0.3835,0.614
255,frame_0255.jpg,0.8351,0.7884,0.854,0.8680,0.6958,0.802,0.8984,0.7016,0.813,0.8376,0.6899,0.792,0.8114,0.5765,0.760,0.7989,0.5701,0.616,0.7382,0.6163,0.775,0.7376,0.5892,0.538,0.8966,0.3858,0.648,0.8308,0.3852,0.708,0.9031,0.1677,0.618,0.7973,0.1985,0.715,0.0000,1.0000,0.000,0.7944,0.0327,0.468,0.8637,0.3855,0.678
256,frame_0256.jpg,0.8211,0.7806,0.895,0.8591,0.6969,0.829,0.9037,0.7035,0.823,0.8145,0.6903,0.836,0.8723,0.5466,0.813,0.7931,0.5495,0.741,0.7867,0.5025,0.792,0.7671,0.4933,0.599,0.9009,0.3885,0.627,0.8282,0.3887,0.666,0.9282,0.1757,0.726,0.8011,0.1964,0.721,0.0000,1.0000,0.000,0.7945,0.0323,0.561,0.8645,0.3886,0.646
257,frame_0257.jpg,0.8244,0.7448,0.846,0.8701,0.6832,0.763,0.9240,0.6994,0.726,0.8163,0.6671,0.801,0.9395,0.5660,0.839,0.8190,0.5365,0.723,0.8618,0.5174,0.811,0.8288,0.4758,0.633,0.9148,0.3676,0.613,0.8351,0.3739,0.615,0.9358,0.1553,0.753,0.7924,0.1878,0.769,0.0000,1.0000,0.000,0.7935,0.0296,0.357,0.8749,0.3707,0.614
258,frame_0258.jpg,0.8131,0.6913,0.788,0.8579,0.6655,0.818,0.9094,0.6955,0.798,0.8064,0.6355,0.838,0.9704,0.6199,0.493,0.8517,0.5202,0.860,0.0000,1.0000,0.000,0.9332,0.5432,0.822,0.9151,0.3713,0.613,0.8317,0.3772,0.672,0.9357,0.1552,0.643,0.7793,0.2318,0.728,0.0000,1.0000,0.000,0.7476,0.0404,0.759,0.8734,0.3743,0.643
259,frame_0259.jpg,0.7777,0.6448,0.899,0.8265,0.6157,0.793,0.8798,0.6389,0.794,0.7731,0.5926,0.793,0.9180,0.5270,0.762,0.8359,0.4603,0.798,0.9566,0.4298,0.704,0.9284,0.4097,0.768,0.8796,0.3395,0.601,0.7992,0.3582,0.620,0.8981,0.1202,0.687,0.7404,0.2020,0.681,0.0000,1.0000,0.000,0.7326,0.0290,0.381,0.8394,0.3489,0.610
260,frame_0260.jpg,0.7546,0.7027,0.944,0.8019,0.6279,0.753,0.8247,0.6292,0.787,0.7791,0.6266,0.720,0.7545,0.5106,0.828,0.7459,0.5278,0.469,0.6887,0.5585,0.791,0.6937,0.5523,0.565,0.8337,0.3407,0.643,0.7727,0.3620,0.669,0.8507,0.1322,0.723,0.7247,0.2277,0.731,0.9101,0.0418,0.328,0.7312,0.0322,0.644,0.8032,0.3513,0.656
261,frame_0261.jpg,0.7485,0.7805,0.880,0.7993,0.6984,0.599,0.7916,0.7065,0.768,0.8071,0.6904,0.429,0.7157,0.6436,0.866,0.0000,1.0000,0.000,0.7485,0.7223,0.490,0.7550,0.4469,0.205,0.8128,0.3886,0.620,0.7616,0.3955,0.567,0.8454,0.1687,0.712,0.7209,0.2184,0.770,0.9462,0.0339,0.657,0.7310,0.0320,0.553,0.7872,0.3921,0.594
262,frame_0262.jpg,0.7658,0.7958,0.869,0.8079,0.7051,0.649,0.8199,0.7154,0.815,0.7959,0.6947,0.483,0.7283,0.6398,0.868,0.7542,0.5753,0.474,0.7222,0.7298,0.741,0.7157,0.6770,0.471,0.8259,0.3924,0.655,0.7663,0.3910,0.646,0.8479,0.1711,0.581,0.7326,0.2122,0.723,0.9087,0.0545,0.151,0.7314,0.0306,0.454,0.7961,0.3917,0.650
263,frame_0263.jpg,0.8033,0.7876,0.928,0.8327,0.6985,0.797,0.8677,0.7078,0.808,0.7977,0.6892,0.787,0.8028,0.5626,0.814,0.7675,0.5563,0.480,0.7155,0.5904,0.773,0.7076,0.5756,0.650,0.8581,0.3831,0.632,0.7852,0.3818,0.645,0.8605,0.1530,0.497,0.7487,0.1909,0.689,0.0000,1.0000,0.000,0.7332,0.0277,0.377,0.8216,0.3825,0.639
264,frame_0264.jpg,0.8258,0.7878,0.859,0.8507,0.7001,0.760,0.9009,0.7117,0.760,0.8006,0.6885,0.761,0.9137,0.5386,0.848,0.7968,0.5521,0.840,0.8280,0.4506,0.830,0.7265,0.5497,0.838,0.8830,0.3861,0.655,0.8052,0.3863,0.609,0.9071,0.1494,0.598,0.7652,0.1953,0.671,0.0000,1.0000,0.000,0.7417,0.0285,0.438,0.8441,0.3862,0.632
265,frame_0265.jpg,0.7914,0.7687,0.931,0.8348,0.6957,0.792,0.8820,0.7018,0.803,0.7877,0.6897,0.781,0.9114,0.5235,0.788,0.7883,0.5586,0.777,0.8500,0.4082,0.814,0.7150,0.5548,0.879,0.8738,0.3853,0.638,0.7987,0.3868,0.657,0.8958,0.1611,0.667,0.7715,0.1704,0.654,0.0000,1.0000,0.000,0.0000,1.0000,0.000,0.8362,0.3860,0.647
266,frame_0266.jpg,0.7504,0.7451,0.884,0.7996,0.6748,0.800,0.8399,0.6706,0.771,0.7594,0.6790,0.829,0.8500,0.4784,0.771,0.7645,0.5615,0.712,0.7953,0.3662,0.816,0.6921,0.5558,0.878,0.8486,0.3879,0.586,0.7802,0.3949,0.646,0.8683,0.1767,0.664,0.7578,0.1857,0.752,0.0000,1.0000,0.000,0.0000,1.0000,0.000,0.8144,0.3914,0.616
267,frame_0267.jpg,0.7368,0.7462,0.852,0.7771,0.6644,0.773,0.8081,0.6545,0.769,0.7461,0.6744,0.777,0.7806,0.4594,0.796,0.7490,0.5623,0.633,0.7113,0.3769,0.776,0.6825,0.5581,0.851,0.8305,0.3851,0.670,0.7636,0.3878,0.634,0.8655,0.1800,0.663,0.7495,0.1872,0.695,0.0000,1.0000,0.000,0.0000,1.0000,0.000,0.7971,0.3864,0.652
268,frame_0268.jpg,0.7471,0.7868,0.850,0.7707,0.6928,0.805,0.8073,0.6891,0.768,0.7341,0.6965,0.842,0.7913,0.5021,0.813,0.7340,0.5626,0.610,0.7020,0.5337,0.792,0.6815,0.5585,0.672,0.8209,0.3980,0.638,0.7526,0.3894,0.649,0.8439,0.1763,0.579,0.7442,0.1920,0.729,0.8943,0.0439,0.199,0.0000,1.0000,0.000,0.7867,0.3937,0.643
269,frame_0269.jpg,0.7662,0.8276,0.907,0.7804,0.7107,0.814,0.8256,0.7145,0.793,0.7352,0.7069,0.836,0.8436,0.5357,0.851,0.7319,0.5747,0.780,0.7504,0.5155,0.827,0.6611,0.5658,0.804,0.8146,0.3964,0.619,0.7450,0.3925,0.642,0.8386,0.1653,0.587,0.7402,0.1736,0.651,0.0000,1.0000,0.000,0.0000,1.0000,0.000,0.7798,0.3945,0.631
270,frame_0270.jpg,0.7911,0.8318,0.885,0.7990,0.7164,0.819,0.8538,0.7252,0.801,0.7442,0.7075,0.837,0.8940,0.5692,0.861,0.7309,0.5682,0.850,0.8404,0.5077,0.856,0.6706,0.5614,0.807,0.8248,0.3937,0.619,0.7482,0.3891,0.618,0.8340,0.1708,0.614,0.7521,0.1512,0.478,0.0000,1.0000,0.000,0.0000,1.0000,0.000,0.7865,0.3914,0.618
271,frame_0271.jpg,0.8276,0.8430,0.880,0.8307,0.7158,0.820,0.8918,0.7219,0.834,0.7696,0.7098,0.806,0.9161,0.5789,0.832,0.7484,0.5733,0.816,0.9079,0.5070,0.837,0.6982,0.5496,0.815,0.8587,0.3869,0.623,0.7751,0.3849,0.589,0.8535,0.1401,0.719,0.7610,0.1490,0.592,0.0000,1.0000,0.000,0.0000,1.0000,0.000,0.8169,0.3859,0.606
272,frame_0272.jpg,0.8686,0.8507,0.822,0.8707,0.7172,0.800,0.9359,0.7205,0.794,0.8054,0.7138,0.805,0.9577,0.5639,0.787,0.7772,0.5700,0.772,0.9384,0.5019,0.810,0.7470,0.5370,0.795,0.8959,0.3803,0.564,0.8114,0.3698,0.559,0.8841,0.1318,0.713,0.7791,0.1430,0.738,0.0000,1.0000,0.000,0.0000,1.0000,0.000,0.8537,0.3750,0.562
273,frame_0273.jpg,0.9074,0.8513,0.846,0.9059,0.7263,0.737,0.9756,0.7335,0.657,0.8362,0.7190,0.817,0.9840,0.5504,0.465,0.8022,0.5764,0.825,0.9625,0.4990,0.801,0.7956,0.5298,0.785,0.9242,0.3727,0.584,0.8440,0.3918,0.573,0.8872,0.1354,0.663,0.8271,0.1527,0.620,0.0000,1.0000,0.000,0.0000,1.0000,0.000,0.8841,0.3822,0.579
274,frame_0274.jpg,0.9646,0.8547,0.836,0.9178,0.7173,0.553,0.9820,0.7241,0.348,0.8537,0.7105,0.758,0.0000,1.0000,0.000,0.8071,0.5610,0.832,0.9784,0.4673,0.278,0.8165,0.5070,0.855,0.9578,0.3647,0.512,0.8720,0.3871,0.514,0.9188,0.1102,0.522,0.8802,0.1030,0.497,0.0000,1.0000,0.000,0.0000,1.0000,0.000,0.9149,0.3759,0.513
275,frame_0275.jpg,0.0000,1.0000,0.000,0.4407,0.8703,0.373,0.0000,1.0000,0.000,0.8813,0.7406,0.746,0.0000,1.0000,0.000,0.8163,0.5672,0.807,0.9786,0.3664,0.201,0.8745,0.4759,0.764,0.9788,0.3089,0.219,0.8942,0.3042,0.428,0.9798,0.0408,0.121,0.8904,0.0478,0.182,0.0000,1.0000,0.000,0.0000,1.0000,0.000,0.9365,0.3065,0.323
276,frame_0276.jpg,0.0000,1.0000,0.000,0.4678,0.8841,0.335,0.0000,1.0000,0.000,0.9356,0.7681,0.671,0.0000,1.0000,0.000,0.8621,0.5813,0.751,0.0000,1.0000,0.000,0.9708,0.4605,0.665,0.0000,1.0000,0.000,0.9312,0.3061,0.379,0.0000,1.0000,0.000,0.0000,1.0000,0.000,0.0000,1.0000,0.000,0.0000,1.0000,0.000,0.4656,0.6531,0.190
277,frame_0277.jpg,,,,,,,,,,,,,,,,,,,,,,,,,,,,,,,,,,,,,,,,,,,,,
278,frame_0278.jpg,,,,,,,,,,,,,,,,,,,,,,,,,,,,,,,,,,,,,,,,,,,,,
279,frame_0279.jpg,,,,,,,,,,,,,,,,,,,,,,,,,,,,,,,,,,,,,,,,,,,,,
280,frame_0280.jpg,,,,,,,,,,,,,,,,,,,,,,,,,,,,,,,,,,,,,,,,,,,,,
281,frame_0281.jpg,,,,,,,,,,,,,,,,,,,,,,,,,,,,,,,,,,,,,,,,,,,,,
282,frame_0282.jpg,,,,,,,,,,,,,,,,,,,,,,,,,,,,,,,,,,,,,,,,,,,,,
283,frame_0283.jpg,,,,,,,,,,,,,,,,,,,,,,,,,,,,,,,,,,,,,,,,,,,,,
284,frame_0284.jpg,,,,,,,,,,,,,,,,,,,,,,,,,,,,,,,,,,,,,,,,,,,,,
285,frame_0285.jpg,,,,,,,,,,,,,,,,,,,,,,,,,,,,,,,,,,,,,,,,,,,,,
286,frame_0286.jpg,,,,,,,,,,,,,,,,,,,,,,,,,,,,,,,,,,,,,,,,,,,,,
287,frame_0287.jpg,,,,,,,,,,,,,,,,,,,,,,,,,,,,,,,,,,,,,,,,,,,,,
288,frame_0288.jpg,,,,,,,,,,,,,,,,,,,,,,,,,,,,,,,,,,,,,,,,,,,,,
289,frame_0289.jpg,,,,,,,,,,,,,,,,,,,,,,,,,,,,,,,,,,,,,,,,,,,,,
290,frame_0290.jpg,,,,,,,,,,,,,,,,,,,,,,,,,,,,,,,,,,,,,,,,,,,,,
291,frame_0291.jpg,,,,,,,,,,,,,,,,,,,,,,,,,,,,,,,,,,,,,,,,,,,,,
292,frame_0292.jpg,,,,,,,,,,,,,,,,,,,,,,,,,,,,,,,,,,,,,,,,,,,,,
293,frame_0293.jpg,,,,,,,,,,,,,,,,,,,,,,,,,,,,,,,,,,,,,,,,,,,,,
294,frame_0294.jpg,,,,,,,,,,,,,,,,,,,,,,,,,,,,,,,,,,,,,,,,,,,,,
295,frame_0295.jpg,,,,,,,,,,,,,,,,,,,,,,,,,,,,,,,,,,,,,,,,,,,,,
296,frame_0296.jpg,,,,,,,,,,,,,,,,,,,,,,,,,,,,,,,,,,,,,,,,,,,,,
297,frame_0297.jpg,,,,,,,,,,,,,,,,,,,,,,,,,,,,,,,,,,,,,,,,,,,,,
298,frame_0298.jpg,,,,,,,,,,,,,,,,,,,,,,,,,,,,,,,,,,,,,,,,,,,,,
299,frame_0299.jpg,,,,,,,,,,,,,,,,,,,,,,,,,,,,,,,,,,,,,,,,,,,,,
300,frame_0300.jpg,,,,,,,,,,,,,,,,,,,,,,,,,,,,,,,,,,,,,,,,,,,,,
301,frame_0301.jpg,,,,,,,,,,,,,,,,,,,,,,,,,,,,,,,,,,,,,,,,,,,,,
302,frame_0302.jpg,,,,,,,,,,,,,,,,,,,,,,,,,,,,,,,,,,,,,,,,,,,,,
303,frame_0303.jpg,,,,,,,,,,,,,,,,,,,,,,,,,,,,,,,,,,,,,,,,,,,,,
304,frame_0304.jpg,,,,,,,,,,,,,,,,,,,,,,,,,,,,,,,,,,,,,,,,,,,,,
305,frame_0305.jpg,,,,,,,,,,,,,,,,,,,,,,,,,,,,,,,,,,,,,,,,,,,,,
306,frame_0306.jpg,,,,,,,,,,,,,,,,,,,,,,,,,,,,,,,,,,,,,,,,,,,,,
307,frame_0307.jpg,,,,,,,,,,,,,,,,,,,,,,,,,,,,,,,,,,,,,,,,,,,,,
308,frame_0308.jpg,,,,,,,,,,,,,,,,,,,,,,,,,,,,,,,,,,,,,,,,,,,,,
309,frame_0309.jpg,,,,,,,,,,,,,,,,,,,,,,,,,,,,,,,,,,,,,,,,,,,,,
310,frame_0310.jpg,,,,,,,,,,,,,,,,,,,,,,,,,,,,,,,,,,,,,,,,,,,,,
311,frame_0311.jpg,,,,,,,,,,,,,,,,,,,,,,,,,,,,,,,,,,,,,,,,,,,,,
312,frame_0312.jpg,,,,,,,,,,,,,,,,,,,,,,,,,,,,,,,,,,,,,,,,,,,,,
